id,bsf_scheme_id,bsf_type_id
1,1,1
2,1,2
3,2,1
4,2,2
5,3,3
6,4,4
7,5,5
8,6,5
9,7,5
10,8,1
11,8,2
12,9,4
13,10,4
14,11,4
15,12,4
16,13,2
17,13,3
18,14,4
19,15,1
20,15,2
21,16,1
22,16,2
23,17,1
24,17,2
25,18,2
26,18,3
27,19,2
28,19,3
29,20,2
30,20,3
31,21,1
32,21,2
33,22,2
34,22,3
35,23,1
36,23,2
37,24,1
38,24,2
39,25,1
40,25,2
41,26,2
42,26,3
43,27,1
44,27,2
45,28,1
46,28,2
47,29,4
48,30,2
49,30,3
50,31,2
51,31,3
52,32,1
53,32,2
54,33,2
55,33,3
56,34,1
57,34,2
58,35,4
59,36,2
60,36,3
61,37,1
62,37,2
63,38,4
64,39,4
65,40,4
66,41,4
67,42,4
68,43,4
69,44,4
70,45,2
71,45,3
72,46,4
73,47,1
74,47,2
75,48,1
76,48,2
77,49,1
78,49,2
79,50,4
80,51,1
81,51,2
82,52,1
83,52,2
84,53,1
85,53,2
86,54,1
87,54,2
88,55,1
89,55,2
90,56,1
91,57,4
92,58,4
93,59,2
94,59,3
95,60,4
96,61,4
97,62,1
98,62,2
99,63,4
100,64,4
101,65,4
102,66,4
103,67,4
104,68,4
105,69,1
106,69,2
107,70,4
108,71,1
109,71,2
110,72,1
111,72,2
112,73,4
113,74,4
114,75,4
115,76,1
116,76,2
117,77,1
118,77,2
119,78,1
120,78,2
121,79,4
122,80,4
123,81,4
124,82,4
125,83,1
126,83,2
127,84,1
128,84,2
129,85,4
130,86,1
131,86,2
132,87,1
133,87,2
134,88,2
135,88,6
136,89,5
137,90,1
138,90,2
139,91,1
140,91,2
141,92,1
142,92,2
143,93,1
144,93,2
145,94,1
146,94,2
147,95,4
148,96,2
149,96,3
150,97,4
151,98,4
152,99,4
153,100,1
154,100,2
155,101,1
156,101,2
157,102,1
158,102,2
159,103,1
160,103,2
161,104,2
162,104,3
163,105,1
164,105,2
165,106,4
166,107,1
167,107,2
168,108,4
169,109,4
170,110,2
171,110,3
172,111,4
173,112,1
174,112,2
175,113,1
176,113,2
177,114,4
178,115,1
179,115,2
180,116,1
181,116,2
182,117,1
183,117,2
184,118,1
185,118,2
186,119,2
187,119,3
188,120,4
189,121,1
190,121,2
191,122,4
192,123,1
193,123,2
194,124,1
195,124,2
196,125,1
197,125,2
198,126,4
199,127,4
200,128,4
201,129,4
202,130,1
203,130,2
204,131,4
205,132,1
206,132,2
207,133,1
208,133,2
209,134,4
210,135,3
211,136,2
212,136,3
213,137,2
214,137,3
215,138,2
216,138,3
217,139,2
218,139,3
219,140,2
220,140,3
221,141,2
222,141,3
223,142,2
224,142,3
225,143,2
226,143,3
227,144,2
228,144,3
229,145,1
230,145,2
231,146,2
232,146,3
233,147,2
234,147,3
235,148,4
236,149,4
237,150,4
238,151,4
239,152,4
240,153,4
241,154,4
242,155,1
243,155,2
244,156,4
245,157,4
246,158,4
247,159,4
248,160,1
249,160,2
250,161,2
251,161,6
252,162,2
253,162,6
254,163,2
255,163,6
256,164,2
257,164,6
258,165,2
259,165,6
260,166,2
261,166,6
262,167,1
263,167,2
264,168,4
265,169,4
266,170,4
267,171,4
268,172,4
269,173,4
270,174,4
271,175,4
272,176,4
273,177,4
274,178,4
275,179,4
276,180,4
277,181,4
278,182,4
279,183,4
280,184,4
281,185,4
282,186,4
283,187,4
284,188,4
285,189,4
286,190,4
287,191,4
288,192,4
289,193,4
290,194,4
291,195,4
292,196,4
293,197,2
294,197,3
295,198,4
296,199,1
297,199,2
298,200,4
299,201,2
300,201,3
301,202,2
302,202,3
303,203,1
304,203,2
305,204,4
306,205,4
307,206,1
308,206,2
309,207,1
310,207,2
311,208,2
312,208,3
313,209,1
314,209,2
315,210,1
316,210,2
317,211,1
318,211,2
319,212,1
320,212,2
321,213,4
322,214,4
323,215,4
324,216,4
325,217,4
326,218,4
327,219,4
328,220,4
329,221,4
330,222,4
331,223,4
332,224,4
333,225,1
334,225,2
335,226,5
336,227,1
337,227,2
338,228,1
339,228,2
340,229,4
341,230,4
342,231,2
343,231,6
344,232,4
345,233,4
346,234,4
347,235,4
348,236,4
349,237,4
350,238,4
351,239,1
352,239,2
353,240,4
354,241,4
355,242,1
356,242,2
357,243,1
358,243,2
359,244,4
360,245,1
361,245,2
362,246,1
363,246,2
364,247,1
365,247,2
366,248,4
367,249,1
368,249,2
369,250,4
370,251,4
371,252,1
372,252,2
373,253,1
374,253,2
375,254,1
376,254,2
377,255,1
378,255,2
379,256,1
380,256,2
381,257,1
382,257,2
383,258,4
384,259,2
385,259,3
386,260,4
387,261,4
388,262,4
389,263,5
390,264,2
391,264,3
392,265,1
393,265,2
394,266,1
395,266,2
396,267,2
397,267,6
398,268,2
399,268,6
400,269,2
401,269,6
402,270,1
403,270,2
404,271,4
405,272,4
406,273,4
407,274,4
408,275,4
409,276,1
410,276,2
411,277,4
412,278,1
413,278,2
414,279,4
415,280,4
416,281,4
417,282,4
418,283,4
419,284,4
420,285,1
421,285,2
422,286,1
423,286,2
424,287,1
425,287,2
426,288,4
427,289,4
428,290,4
429,291,4
430,292,4
431,293,4
432,294,1
433,294,2
434,295,1
435,295,2
436,296,1
437,296,2
438,297,1
439,297,2
440,298,2
441,298,6
442,299,1
443,299,2
444,300,4
445,301,4
446,302,1
447,302,2
448,303,1
449,303,2
450,304,1
451,304,2
452,306,1
453,306,2
454,307,1
455,307,2
456,308,4
457,309,5
458,310,4
459,311,1
460,311,2
461,312,2
462,312,3
463,313,1
464,313,2
465,314,1
466,314,2
467,315,1
468,315,2
469,316,5
470,317,4
471,318,1
472,318,2
473,319,2
474,319,3
475,320,1
476,320,2
477,321,4
478,322,4
479,323,2
480,323,3
481,324,2
482,324,3
483,325,4
484,326,4
485,327,4
486,328,1
487,328,2
488,329,1
489,329,2
490,330,1
491,330,2
492,331,1
493,331,2
494,332,2
495,332,3
496,333,2
497,333,3
498,334,2
499,334,3
500,335,4
501,336,1
502,336,2
503,337,1
504,337,2
505,338,1
506,338,2
507,339,1
508,339,2
509,340,1
510,340,2
511,341,1
512,341,2
513,342,4
514,343,2
515,343,3
516,344,1
517,344,2
518,345,1
519,345,2
520,346,4
521,347,1
522,347,2
523,348,5
524,349,5
525,350,1
526,350,2
527,351,2
528,351,3
529,352,1
530,352,2
531,353,1
532,353,2
533,354,1
534,354,2
535,355,1
536,355,2
537,356,4
538,357,4
539,358,4
540,359,1
541,359,2
542,360,1
543,360,2
544,361,1
545,361,2
546,362,1
547,362,2
548,363,1
549,363,2
550,364,1
551,364,2
552,365,1
553,365,2
554,366,1
555,366,2
556,367,1
557,367,2
558,368,1
559,368,2
560,369,1
561,369,2
562,370,4
563,371,1
564,371,2
565,372,1
566,372,2
567,373,1
568,373,2
569,374,1
570,374,2
571,375,4
572,376,1
573,376,2
574,377,2
575,377,3
576,378,5
577,379,5
578,380,1
579,380,2
580,381,1
581,381,2
582,382,1
583,382,2
584,383,1
585,384,2
586,384,3
587,385,2
588,385,3
589,386,2
590,386,3
591,387,2
592,387,3
593,388,2
594,388,3
595,389,2
596,389,3
597,390,2
598,390,3
599,391,2
600,391,3
601,392,2
602,392,3
603,393,1
604,393,2
605,394,1
606,394,2
607,395,4
608,396,1
609,396,2
610,397,1
611,397,2
612,398,4
613,399,2
614,399,3
615,400,1
616,400,2
617,401,4
618,402,4
619,403,4
620,404,5
621,405,5
622,406,4
623,407,4
624,408,4
625,409,2
626,409,3
627,410,2
628,410,3
629,411,1
630,411,2
631,412,2
632,412,3
633,413,4
634,414,4
635,415,1
636,415,2
637,416,1
638,416,2
639,417,1
640,417,2
641,418,1
642,418,2
643,419,1
644,419,2
645,420,1
646,421,4
647,422,4
648,423,5
649,424,4
650,425,1
651,425,2
652,426,4
653,427,4
654,428,4
655,429,1
656,429,2
657,430,1
658,430,2
659,431,2
660,431,3
661,432,2
662,432,3
663,433,1
664,433,2
665,434,2
666,434,3
667,435,4
668,436,1
669,437,1
670,437,2
671,438,5
672,439,4
673,440,4
674,441,4
675,442,4
676,443,4
677,444,4
678,445,4
679,446,4
680,447,4
681,448,4
682,449,4
683,450,4
684,451,4
685,452,4
686,453,4
687,454,2
688,454,3
689,455,2
690,455,3
691,456,2
692,456,6
693,457,2
694,457,6
695,458,2
696,458,3
697,459,2
698,459,3
699,460,2
700,460,3
701,461,2
702,461,3
703,462,4
704,463,4
705,464,4
706,465,4
707,466,4
708,467,4
709,468,4
710,469,4
711,470,4
712,471,4
713,472,4
714,473,1
715,473,2
716,474,5
717,475,2
718,475,3
719,476,1
720,476,2
721,477,4
722,478,2
723,478,3
724,479,4
725,480,4
726,481,1
727,481,2
728,482,4
729,483,4
730,484,4
731,485,4
732,486,4
733,487,4
734,488,4
735,489,4
736,490,2
737,490,3
738,491,2
739,491,3
740,492,1
741,492,2
742,493,4
743,494,1
744,494,2
745,495,1
746,495,2
747,496,1
748,496,2
749,497,1
750,497,2
751,498,1
752,498,2
753,499,1
754,499,2
755,500,1
756,500,2
757,501,4
758,502,2
759,502,3
760,503,1
761,503,2
762,504,4
763,505,4
764,506,1
765,506,2
766,507,1
767,507,2
768,508,4
769,509,4
770,510,4
771,511,4
772,512,4
773,513,4
774,514,1
775,514,2
776,515,4
777,516,4
778,517,4
779,518,4
780,519,4
781,520,4
782,521,4
783,522,4
784,523,4
785,524,4
786,525,4
787,526,4
788,527,4
789,528,4
790,529,4
791,530,1
792,530,2
793,531,1
794,531,2
795,532,1
796,532,2
797,533,1
798,533,2
799,534,1
800,534,2
801,535,1
802,535,2
803,536,1
804,536,2
805,537,1
806,537,2
807,538,1
808,538,2
809,539,1
810,539,2
811,540,1
812,540,2
813,541,1
814,541,2
815,542,1
816,542,2
817,543,1
818,543,2
819,544,1
820,544,2
821,545,1
822,545,2
823,546,1
824,546,2
825,547,4
826,548,1
827,548,2
828,549,4
829,550,1
830,550,2
831,551,1
832,551,2
833,552,1
834,552,2
835,553,4
836,554,1
837,554,2
838,555,1
839,555,2
840,556,1
841,556,2
842,557,1
843,557,2
844,558,4
845,559,4
846,560,4
847,561,4
848,562,4
849,563,4
850,564,2
851,564,6
852,565,2
853,565,6
854,566,2
855,566,6
856,567,1
857,567,2
858,568,2
859,568,6
860,569,4
861,570,4
862,571,4
863,572,4
864,573,4
865,574,4
866,575,4
867,576,2
868,576,3
869,577,1
870,577,2
871,578,4
872,579,4
873,580,2
874,580,6
875,581,4
876,582,4
877,583,4
878,584,4
879,585,4
880,586,1
881,586,2
882,587,4
883,588,4
884,589,4
885,590,4
886,591,1
887,591,2
888,592,1
889,592,2
890,593,1
891,593,2
892,594,4
893,595,1
894,595,2
895,596,1
896,596,2
897,597,1
898,597,2
899,598,1
900,598,2
901,599,4
902,600,4
903,601,1
904,601,2
905,602,2
906,602,3
907,603,4
908,604,4
909,605,4
910,606,4
911,607,2
912,607,6
913,608,4
914,609,4
915,610,5
916,611,5
917,612,4
918,613,4
919,614,1
920,614,2
921,615,1
922,615,2
923,616,1
924,616,2
925,617,1
926,617,2
927,618,1
928,618,2
929,619,1
930,619,2
931,620,1
932,620,2
933,621,1
934,621,2
935,622,1
936,622,2
937,623,1
938,623,2
939,624,1
940,624,2
941,625,2
942,625,3
943,626,1
944,626,2
945,627,1
946,627,2
947,628,4
948,629,4
949,630,4
950,631,4
951,632,4
952,633,4
953,634,4
954,635,4
955,636,4
956,637,4
957,638,4
958,639,4
959,640,1
960,640,2
961,641,4
962,642,1
963,642,2
964,643,2
965,643,3
966,644,1
967,644,2
968,645,4
969,646,4
970,647,4
971,648,4
972,649,4
973,650,4
974,651,4
975,652,4
976,653,1
977,653,2
978,654,4
979,655,4
980,656,4
981,657,4
982,658,4
983,659,4
984,660,4
985,661,4
986,662,4
987,663,2
988,663,3
989,664,2
990,664,3
991,665,4
992,666,4
993,667,1
994,667,2
995,668,4
996,669,2
997,669,3
998,670,4
999,671,1
1000,671,2
1001,672,4
1002,673,1
1003,673,2
1004,674,1
1005,674,2
1006,675,2
1007,675,3
1008,676,1
1009,676,2
1010,677,5
1011,678,1
1012,678,2
1013,679,1
1014,679,2
1015,680,1
1016,680,2
1017,681,1
1018,681,2
1019,682,4
1020,683,1
1021,683,2
1022,684,1
1023,684,2
1024,685,1
1025,686,2
1026,686,3
1027,687,4
1028,688,1
1029,688,2
1030,689,1
1031,689,2
1032,690,1
1033,690,2
1034,691,1
1035,691,2
1036,692,4
1037,693,2
1038,693,3
1039,694,5
1040,695,4
1041,696,1
1042,696,2
1043,697,1
1044,697,2
1045,698,1
1046,698,2
1047,699,2
1048,699,3
1049,700,1
1050,700,2
1051,701,1
1052,701,2
1053,702,2
1054,702,3
1055,703,1
1056,703,2
1057,704,2
1058,704,3
1059,705,2
1060,705,3
1061,706,2
1062,706,3
1063,707,1
1064,707,2
1065,708,1
1066,708,2
1067,709,1
1068,709,2
1069,710,1
1070,710,2
1071,711,4
1072,712,4
1073,713,4
1074,714,4
1075,715,4
1076,716,4
1077,717,4
1078,718,4
1079,719,4
1080,720,4
1081,721,4
1082,722,4
1083,723,4
1084,724,4
1085,725,4
1086,726,4
1087,727,4
1088,728,4
1089,729,1
1090,729,2
1091,730,4
1092,731,4
1093,732,4
1094,733,1
1095,733,2
1096,734,2
1097,734,3
1098,735,2
1099,735,3
1100,736,4
1101,737,4
1102,738,4
1103,739,1
1104,739,2
1105,740,4
1106,741,1
1107,741,2
1108,742,4
1109,743,1
1110,743,2
1111,744,1
1112,744,2
1113,745,4
1114,746,4
1115,747,4
1116,748,4
1117,750,4
1118,751,4
1119,752,4
1120,753,1
1121,753,2
1122,754,1
1123,754,2
1124,754,3
1125,755,2
1126,755,6
1127,757,4
1128,758,4
1129,760,2
1130,760,6
1131,761,4
1132,762,4
1133,763,4
1134,764,4
1135,765,4
1136,766,4
1137,767,4
1138,768,4
1139,769,4
1140,770,1
1141,771,1
1142,771,4
1143,772,1
1144,773,1
1145,774,2
1146,774,3
1147,775,1
1148,775,3
1149,775,4
1150,776,4
1151,777,1
1152,777,4
1153,778,1
1154,779,1
1155,780,1
1156,781,4
1157,782,1
1158,782,4
1159,783,1
1160,783,2
1161,783,3
1162,783,4
1163,784,1
1164,784,2
1165,784,3
1166,784,4
1167,785,2
1168,785,3
1169,786,2
1170,786,3
1171,787,4
1172,788,1
1173,789,4
1174,790,4
1175,791,4
1176,792,1
1177,793,4
1178,794,3
1179,795,3
1180,796,4
1181,797,4
1182,798,1
1183,799,4
1184,800,4
1185,801,2
1186,802,2
1187,803,2
1188,804,1
1189,805,4
1190,806,4
1191,807,4
1192,808,4
1193,809,4
1194,810,1
1195,811,4
1196,812,1
1197,813,4
1198,814,1
1199,815,1
1200,816,1
1201,817,2
1202,817,3
1203,817,6
1204,818,1
1205,818,2
1206,819,6
1207,820,4
1208,821,2
1209,821,3
1210,822,2
1211,822,3
1212,823,2
1213,823,3
1214,824,1
1215,824,2
1216,825,1
1217,825,2
1218,9,4
1219,25,1
1220,25,2
1221,8,1
1222,8,2
1223,1,1
1224,1,2
1225,24,1
1226,24,2
1227,23,1
1228,23,2
1229,22,3
1230,22,2
1231,14,4
1232,12,4
1233,5,5
1234,15,1
1235,15,2
1236,17,1
1237,17,2
1238,18,3
1239,18,2
1240,16,1
1241,16,2
1242,19,3
1243,19,2
1244,6,5
1245,3,3
1246,7,5
1247,2,1
1248,2,2
1249,11,4
1250,21,1
1251,21,2
1252,10,4
1253,20,3
1254,20,2
1255,4,4
1256,9,4
1257,25,1
1258,25,2
1259,8,1
1260,8,2
1261,1,1
1262,1,2
1263,24,1
1264,24,2
1265,23,1
1266,23,2
1267,22,3
1268,22,2
1269,14,4
1270,12,4
1271,5,5
1272,15,1
1273,15,2
1274,17,1
1275,17,2
1276,18,3
1277,18,2
1278,16,1
1279,16,2
1280,19,3
1281,19,2
1282,6,5
1283,3,3
1284,7,5
1285,2,1
1286,2,2
1287,11,4
1288,21,1
1289,21,2
1290,10,4
1291,20,3
1292,20,2
1293,4,4
1294,50,4
1295,37,1
1296,37,2
1297,26,3
1298,26,2
1299,45,3
1300,45,2
1301,33,3
1302,33,2
1303,39,4
1304,38,4
1305,30,3
1306,30,2
1307,49,1
1308,49,2
1309,48,1
1310,48,2
1311,42,4
1312,40,4
1313,44,4
1314,43,4
1315,32,1
1316,32,2
1317,27,1
1318,27,2
1319,46,4
1320,36,3
1321,36,2
1322,31,3
1323,31,2
1324,35,4
1325,34,1
1326,34,2
1327,28,1
1328,28,2
1329,47,1
1330,47,2
1331,29,4
1332,50,4
1333,37,1
1334,37,2
1335,26,3
1336,26,2
1337,45,3
1338,45,2
1339,33,3
1340,33,2
1341,39,4
1342,38,4
1343,30,3
1344,30,2
1345,49,1
1346,49,2
1347,48,1
1348,48,2
1349,42,4
1350,40,4
1351,44,4
1352,43,4
1353,32,1
1354,32,2
1355,27,1
1356,27,2
1357,46,4
1358,36,3
1359,36,2
1360,31,3
1361,31,2
1362,35,4
1363,34,1
1364,34,2
1365,28,1
1366,28,2
1367,47,1
1368,47,2
1369,29,4
1370,77,1
1371,77,2
1372,69,1
1373,69,2
1374,70,4
1375,76,1
1376,76,2
1377,78,1
1378,78,2
1379,79,4
1380,57,4
1381,81,4
1382,67,4
1383,60,4
1384,51,1
1385,51,2
1386,52,1
1387,52,2
1388,53,1
1389,53,2
1390,59,3
1391,59,2
1392,54,1
1393,54,2
1394,56,1
1395,74,4
1396,75,4
1397,66,4
1398,61,4
1399,62,1
1400,62,2
1401,72,1
1402,72,2
1403,73,4
1404,71,1
1405,71,2
1406,77,1
1407,77,2
1408,69,1
1409,69,2
1410,70,4
1411,76,1
1412,76,2
1413,78,1
1414,78,2
1415,79,4
1416,57,4
1417,81,4
1418,67,4
1419,60,4
1420,51,1
1421,51,2
1422,52,1
1423,52,2
1424,53,1
1425,53,2
1426,59,3
1427,59,2
1428,54,1
1429,54,2
1430,56,1
1431,74,4
1432,75,4
1433,66,4
1434,61,4
1435,62,1
1436,62,2
1437,72,1
1438,72,2
1439,73,4
1440,71,1
1441,71,2
1442,100,1
1443,100,2
1444,98,4
1445,104,3
1446,104,2
1447,88,6
1448,88,2
1449,90,1
1450,90,2
1451,91,1
1452,91,2
1453,84,1
1454,84,2
1455,83,1
1456,83,2
1457,92,1
1458,92,2
1459,96,3
1460,96,2
1461,97,4
1462,105,1
1463,105,2
1464,94,1
1465,94,2
1466,86,1
1467,86,2
1468,87,1
1469,87,2
1470,103,1
1471,103,2
1472,93,1
1473,93,2
1474,102,1
1475,102,2
1476,99,4
1477,101,1
1478,101,2
1479,95,4
1480,89,5
1481,85,4
1482,82,4
1483,100,1
1484,100,2
1485,98,4
1486,104,3
1487,104,2
1488,88,6
1489,88,2
1490,90,1
1491,90,2
1492,91,1
1493,91,2
1494,84,1
1495,84,2
1496,83,1
1497,83,2
1498,92,1
1499,92,2
1500,96,3
1501,96,2
1502,97,4
1503,105,1
1504,105,2
1505,94,1
1506,94,2
1507,86,1
1508,86,2
1509,87,1
1510,87,2
1511,103,1
1512,103,2
1513,93,1
1514,93,2
1515,102,1
1516,102,2
1517,99,4
1518,101,1
1519,101,2
1520,95,4
1521,89,5
1522,85,4
1523,82,4
1524,129,4
1525,111,4
1526,112,1
1527,112,2
1528,123,1
1529,123,2
1530,119,3
1531,119,2
1532,115,1
1533,115,2
1534,116,1
1535,116,2
1536,107,1
1537,107,2
1538,117,1
1539,117,2
1540,130,1
1541,130,2
1542,109,4
1543,127,4
1544,118,1
1545,118,2
1546,113,1
1547,113,2
1548,108,4
1549,122,4
1550,110,3
1551,110,2
1552,125,1
1553,125,2
1554,121,1
1555,121,2
1556,124,1
1557,124,2
1558,128,4
1559,126,4
1560,106,4
1561,114,4
1562,129,4
1563,111,4
1564,112,1
1565,112,2
1566,123,1
1567,123,2
1568,119,3
1569,119,2
1570,115,1
1571,115,2
1572,116,1
1573,116,2
1574,107,1
1575,107,2
1576,117,1
1577,117,2
1578,130,1
1579,130,2
1580,109,4
1581,127,4
1582,118,1
1583,118,2
1584,113,1
1585,113,2
1586,108,4
1587,122,4
1588,110,3
1589,110,2
1590,125,1
1591,125,2
1592,121,1
1593,121,2
1594,124,1
1595,124,2
1596,128,4
1597,126,4
1598,106,4
1599,114,4
1600,152,4
1601,151,4
1602,150,4
1603,149,4
1604,131,4
1605,138,3
1606,138,2
1607,137,3
1608,137,2
1609,145,1
1610,145,2
1611,147,3
1612,147,2
1613,132,1
1614,132,2
1615,134,4
1616,141,3
1617,141,2
1618,136,3
1619,136,2
1620,139,3
1621,139,2
1622,144,3
1623,144,2
1624,143,3
1625,143,2
1626,146,3
1627,146,2
1628,140,3
1629,140,2
1630,153,4
1631,133,1
1632,133,2
1633,135,3
1634,142,3
1635,142,2
1636,148,4
1637,152,4
1638,151,4
1639,150,4
1640,149,4
1641,131,4
1642,138,3
1643,138,2
1644,137,3
1645,137,2
1646,145,1
1647,145,2
1648,147,3
1649,147,2
1650,132,1
1651,132,2
1652,134,4
1653,141,3
1654,141,2
1655,136,3
1656,136,2
1657,139,3
1658,139,2
1659,144,3
1660,144,2
1661,143,3
1662,143,2
1663,146,3
1664,146,2
1665,140,3
1666,140,2
1667,153,4
1668,133,1
1669,133,2
1670,135,3
1671,142,3
1672,142,2
1673,148,4
1674,173,4
1675,175,4
1676,160,1
1677,160,2
1678,167,1
1679,167,2
1680,170,4
1681,155,1
1682,155,2
1683,161,6
1684,161,2
1685,165,6
1686,165,2
1687,164,6
1688,164,2
1689,162,6
1690,162,2
1691,166,6
1692,166,2
1693,163,6
1694,163,2
1695,174,4
1696,171,4
1697,177,4
1698,154,4
1699,172,4
1700,159,4
1701,158,4
1702,157,4
1703,156,4
1704,169,4
1705,176,4
1706,168,4
1707,173,4
1708,175,4
1709,160,1
1710,160,2
1711,167,1
1712,167,2
1713,170,4
1714,155,1
1715,155,2
1716,161,6
1717,161,2
1718,165,6
1719,165,2
1720,164,6
1721,164,2
1722,162,6
1723,162,2
1724,166,6
1725,166,2
1726,163,6
1727,163,2
1728,174,4
1729,171,4
1730,177,4
1731,154,4
1732,172,4
1733,159,4
1734,158,4
1735,157,4
1736,156,4
1737,169,4
1738,176,4
1739,168,4
1740,184,4
1741,198,4
1742,188,4
1743,178,4
1744,197,3
1745,197,2
1746,201,3
1747,201,2
1748,179,4
1749,187,4
1750,200,4
1751,183,4
1752,199,1
1753,199,2
1754,186,4
1755,189,4
1756,196,4
1757,194,4
1758,195,4
1759,190,4
1760,185,4
1761,191,4
1762,192,4
1763,182,4
1764,180,4
1765,193,4
1766,181,4
1767,184,4
1768,198,4
1769,188,4
1770,178,4
1771,197,3
1772,197,2
1773,201,3
1774,201,2
1775,179,4
1776,187,4
1777,200,4
1778,183,4
1779,199,1
1780,199,2
1781,186,4
1782,189,4
1783,196,4
1784,194,4
1785,195,4
1786,190,4
1787,185,4
1788,191,4
1789,192,4
1790,182,4
1791,180,4
1792,193,4
1793,181,4
1794,203,1
1795,203,2
1796,210,1
1797,210,2
1798,212,1
1799,212,2
1800,209,1
1801,209,2
1802,211,1
1803,211,2
1804,225,1
1805,225,2
1806,207,1
1807,207,2
1808,206,1
1809,206,2
1810,205,4
1811,213,4
1812,217,4
1813,216,4
1814,219,4
1815,220,4
1816,221,4
1817,224,4
1818,208,3
1819,208,2
1820,223,4
1821,202,3
1822,202,2
1823,222,4
1824,204,4
1825,218,4
1826,215,4
1827,214,4
1828,203,1
1829,203,2
1830,210,1
1831,210,2
1832,212,1
1833,212,2
1834,209,1
1835,209,2
1836,211,1
1837,211,2
1838,225,1
1839,225,2
1840,207,1
1841,207,2
1842,206,1
1843,206,2
1844,205,4
1845,213,4
1846,217,4
1847,216,4
1848,219,4
1849,220,4
1850,221,4
1851,224,4
1852,208,3
1853,208,2
1854,223,4
1855,202,3
1856,202,2
1857,222,4
1858,204,4
1859,218,4
1860,215,4
1861,214,4
1862,226,5
1863,231,6
1864,231,2
1865,242,1
1866,242,2
1867,232,4
1868,235,4
1869,250,4
1870,251,4
1871,246,1
1872,246,2
1873,245,1
1874,245,2
1875,228,1
1876,228,2
1877,248,4
1878,239,1
1879,239,2
1880,233,4
1881,234,4
1882,244,4
1883,229,4
1884,227,1
1885,227,2
1886,241,4
1887,249,1
1888,249,2
1889,238,4
1890,243,1
1891,243,2
1892,240,4
1893,247,1
1894,247,2
1895,230,4
1896,226,5
1897,231,6
1898,231,2
1899,242,1
1900,242,2
1901,232,4
1902,235,4
1903,250,4
1904,251,4
1905,246,1
1906,246,2
1907,245,1
1908,245,2
1909,228,1
1910,228,2
1911,248,4
1912,239,1
1913,239,2
1914,233,4
1915,234,4
1916,244,4
1917,229,4
1918,227,1
1919,227,2
1920,241,4
1921,249,1
1922,249,2
1923,238,4
1924,243,1
1925,243,2
1926,240,4
1927,247,1
1928,247,2
1929,230,4
1930,272,4
1931,258,4
1932,257,1
1933,257,2
1934,256,1
1935,256,2
1936,255,1
1937,255,2
1938,253,1
1939,253,2
1940,252,1
1941,252,2
1942,266,1
1943,266,2
1944,270,1
1945,270,2
1946,264,3
1947,264,2
1948,265,1
1949,265,2
1950,259,3
1951,259,2
1952,269,6
1953,269,2
1954,268,6
1955,268,2
1956,267,6
1957,267,2
1958,262,4
1959,274,4
1960,273,4
1961,271,4
1962,261,4
1963,254,1
1964,254,2
1965,260,4
1966,263,5
1967,272,4
1968,258,4
1969,257,1
1970,257,2
1971,256,1
1972,256,2
1973,255,1
1974,255,2
1975,253,1
1976,253,2
1977,252,1
1978,252,2
1979,266,1
1980,266,2
1981,270,1
1982,270,2
1983,264,3
1984,264,2
1985,265,1
1986,265,2
1987,259,3
1988,259,2
1989,269,6
1990,269,2
1991,268,6
1992,268,2
1993,267,6
1994,267,2
1995,262,4
1996,274,4
1997,273,4
1998,271,4
1999,261,4
2000,254,1
2001,254,2
2002,260,4
2003,263,5
2004,293,4
2005,280,4
2006,281,4
2007,296,1
2008,296,2
2009,288,4
2010,298,6
2011,298,2
2012,299,1
2013,299,2
2014,287,1
2015,287,2
2016,276,1
2017,276,2
2018,292,4
2019,285,1
2020,285,2
2021,291,4
2022,279,4
2023,278,1
2024,278,2
2025,283,4
2026,284,4
2027,289,4
2028,286,1
2029,286,2
2030,282,4
2031,275,4
2032,297,1
2033,297,2
2034,290,4
2035,295,1
2036,295,2
2037,294,1
2038,294,2
2039,277,4
2040,293,4
2041,280,4
2042,281,4
2043,296,1
2044,296,2
2045,288,4
2046,298,6
2047,298,2
2048,299,1
2049,299,2
2050,287,1
2051,287,2
2052,276,1
2053,276,2
2054,292,4
2055,285,1
2056,285,2
2057,291,4
2058,279,4
2059,278,1
2060,278,2
2061,283,4
2062,284,4
2063,289,4
2064,286,1
2065,286,2
2066,282,4
2067,275,4
2068,297,1
2069,297,2
2070,290,4
2071,295,1
2072,295,2
2073,294,1
2074,294,2
2075,277,4
2076,320,1
2077,320,2
2078,316,5
2079,302,1
2080,302,2
2081,321,4
2082,311,1
2083,311,2
2084,305,1
2085,305,2
2086,303,1
2087,303,2
2088,318,1
2089,318,2
2090,306,1
2091,306,2
2092,308,4
2093,300,4
2094,317,4
2095,314,1
2096,314,2
2097,315,1
2098,315,2
2099,313,1
2100,313,2
2101,301,4
2102,307,1
2103,307,2
2104,322,4
2105,310,4
2106,312,3
2107,312,2
2108,309,5
2109,304,1
2110,304,2
2111,319,3
2112,319,2
2113,320,1
2114,320,2
2115,316,5
2116,302,1
2117,302,2
2118,321,4
2119,311,1
2120,311,2
2121,305,1
2122,305,2
2123,303,1
2124,303,2
2125,318,1
2126,318,2
2127,306,1
2128,306,2
2129,308,4
2130,300,4
2131,317,4
2132,314,1
2133,314,2
2134,315,1
2135,315,2
2136,313,1
2137,313,2
2138,301,4
2139,307,1
2140,307,2
2141,322,4
2142,310,4
2143,312,3
2144,312,2
2145,309,5
2146,304,1
2147,304,2
2148,319,3
2149,319,2
2150,332,3
2151,332,2
2152,333,3
2153,333,2
2154,334,3
2155,334,2
2156,328,1
2157,328,2
2158,323,3
2159,323,2
2160,339,1
2161,339,2
2162,337,1
2163,337,2
2164,338,1
2165,338,2
2166,325,4
2167,336,1
2168,336,2
2169,330,1
2170,330,2
2171,329,1
2172,329,2
2173,342,4
2174,340,1
2175,340,2
2176,324,3
2177,324,2
2178,326,4
2179,346,4
2180,331,1
2181,331,2
2182,343,3
2183,343,2
2184,345,1
2185,345,2
2186,344,1
2187,344,2
2188,335,4
2189,327,4
2190,341,1
2191,341,2
2192,332,3
2193,332,2
2194,333,3
2195,333,2
2196,334,3
2197,334,2
2198,328,1
2199,328,2
2200,323,3
2201,323,2
2202,339,1
2203,339,2
2204,337,1
2205,337,2
2206,338,1
2207,338,2
2208,325,4
2209,336,1
2210,336,2
2211,330,1
2212,330,2
2213,329,1
2214,329,2
2215,342,4
2216,340,1
2217,340,2
2218,324,3
2219,324,2
2220,326,4
2221,346,4
2222,331,1
2223,331,2
2224,343,3
2225,343,2
2226,345,1
2227,345,2
2228,344,1
2229,344,2
2230,335,4
2231,327,4
2232,341,1
2233,341,2
2234,370,4
2235,372,1
2236,372,2
2237,350,1
2238,350,2
2239,360,1
2240,360,2
2241,361,3
2242,359,1
2243,359,2
2244,357,4
2245,356,4
2246,358,4
2247,355,1
2248,355,2
2249,373,1
2250,373,2
2251,371,1
2252,371,2
2253,354,1
2254,354,2
2255,366,1
2256,366,2
2257,352,1
2258,352,2
2259,351,3
2260,351,2
2261,353,1
2262,353,2
2263,362,1
2264,362,2
2265,368,1
2266,368,2
2267,364,1
2268,364,2
2269,365,1
2270,365,2
2271,363,1
2272,363,2
2273,367,1
2274,367,2
2275,369,1
2276,369,2
2277,370,4
2278,372,1
2279,372,2
2280,350,1
2281,350,2
2282,360,1
2283,360,2
2284,361,3
2285,359,1
2286,359,2
2287,357,4
2288,356,4
2289,358,4
2290,355,1
2291,355,2
2292,373,1
2293,373,2
2294,371,1
2295,371,2
2296,354,1
2297,354,2
2298,366,1
2299,366,2
2300,352,1
2301,352,2
2302,351,3
2303,351,2
2304,353,1
2305,353,2
2306,362,1
2307,362,2
2308,368,1
2309,368,2
2310,364,1
2311,364,2
2312,365,1
2313,365,2
2314,363,1
2315,363,2
2316,367,1
2317,367,2
2318,369,1
2319,369,2
2320,381,1
2321,381,2
2322,388,3
2323,388,2
2324,389,3
2325,389,2
2326,392,3
2327,392,2
2328,384,3
2329,384,2
2330,386,3
2331,386,2
2332,387,3
2333,387,2
2334,377,3
2335,377,2
2336,375,4
2337,391,3
2338,391,2
2339,390,3
2340,390,2
2341,385,3
2342,385,2
2343,394,1
2344,394,2
2345,399,3
2346,399,2
2347,383,1
2348,398,4
2349,376,1
2350,376,2
2351,374,1
2352,374,2
2353,400,1
2354,400,2
2355,378,5
2356,382,1
2357,382,2
2358,380,1
2359,380,2
2360,395,4
2361,393,1
2362,393,2
2363,381,1
2364,381,2
2365,388,3
2366,388,2
2367,389,3
2368,389,2
2369,392,3
2370,392,2
2371,384,3
2372,384,2
2373,386,3
2374,386,2
2375,387,3
2376,387,2
2377,377,3
2378,377,2
2379,375,4
2380,391,3
2381,391,2
2382,390,3
2383,390,2
2384,385,3
2385,385,2
2386,394,1
2387,394,2
2388,399,3
2389,399,2
2390,383,1
2391,398,4
2392,376,1
2393,376,2
2394,374,1
2395,374,2
2396,400,1
2397,400,2
2398,378,5
2399,382,1
2400,382,2
2401,380,1
2402,380,2
2403,395,4
2404,393,1
2405,393,2
2406,403,4
2407,423,5
2408,405,5
2409,413,4
2410,412,3
2411,412,2
2412,420,1
2413,410,3
2414,410,2
2415,409,3
2416,409,2
2417,419,1
2418,419,2
2419,417,1
2420,417,2
2421,406,4
2422,421,4
2423,402,4
2424,411,1
2425,411,2
2426,401,4
2427,414,4
2428,415,1
2429,415,2
2430,408,4
2431,404,5
2432,424,4
2433,407,4
2434,426,4
2435,416,1
2436,416,2
2437,418,1
2438,418,2
2439,403,4
2440,423,5
2441,405,5
2442,413,4
2443,412,3
2444,412,2
2445,420,1
2446,410,3
2447,410,2
2448,409,3
2449,409,2
2450,419,1
2451,419,2
2452,417,1
2453,417,2
2454,406,4
2455,421,4
2456,402,4
2457,411,1
2458,411,2
2459,401,4
2460,414,4
2461,415,1
2462,415,2
2463,408,4
2464,404,5
2465,424,4
2466,407,4
2467,426,4
2468,416,1
2469,416,2
2470,418,1
2471,418,2
2472,432,3
2473,432,2
2474,431,3
2475,431,2
2476,430,1
2477,430,2
2478,435,4
2479,440,4
2480,451,4
2481,433,1
2482,433,2
2483,445,4
2484,443,4
2485,429,1
2486,429,2
2487,442,4
2488,446,4
2489,444,4
2490,436,1
2491,439,4
2492,449,4
2493,450,4
2494,427,4
2495,441,4
2496,447,4
2497,437,1
2498,437,2
2499,434,3
2500,434,2
2501,448,4
2502,432,3
2503,432,2
2504,431,3
2505,431,2
2506,430,1
2507,430,2
2508,435,4
2509,440,4
2510,451,4
2511,433,1
2512,433,2
2513,445,4
2514,443,4
2515,429,1
2516,429,2
2517,442,4
2518,446,4
2519,444,4
2520,436,1
2521,439,4
2522,449,4
2523,450,4
2524,427,4
2525,441,4
2526,447,4
2527,437,1
2528,437,2
2529,434,3
2530,434,2
2531,448,4
2532,452,4
2533,474,5
2534,458,3
2535,458,2
2536,453,4
2537,463,4
2538,462,4
2539,465,4
2540,466,4
2541,468,4
2542,469,4
2543,467,4
2544,470,4
2545,472,4
2546,455,3
2547,455,2
2548,454,3
2549,454,2
2550,471,4
2551,464,4
2552,457,6
2553,457,2
2554,459,3
2555,459,2
2556,456,6
2557,456,2
2558,461,3
2559,461,2
2560,460,3
2561,460,2
2562,473,1
2563,473,2
2564,475,3
2565,475,2
2566,476,1
2567,476,2
2568,452,4
2569,474,5
2570,458,3
2571,458,2
2572,453,4
2573,463,4
2574,462,4
2575,465,4
2576,466,4
2577,468,4
2578,469,4
2579,467,4
2580,470,4
2581,472,4
2582,455,3
2583,455,2
2584,454,3
2585,454,2
2586,471,4
2587,464,4
2588,457,6
2589,457,2
2590,459,3
2591,459,2
2592,456,6
2593,456,2
2594,461,3
2595,461,2
2596,460,3
2597,460,2
2598,473,1
2599,473,2
2600,475,3
2601,475,2
2602,476,1
2603,476,2
2604,484,4
2605,483,4
2606,482,4
2607,493,4
2608,480,4
2609,479,4
2610,488,4
2611,481,1
2612,481,2
2613,492,1
2614,492,2
2615,489,4
2616,486,4
2617,487,4
2618,496,1
2619,496,2
2620,485,4
2621,500,1
2622,478,3
2623,478,2
2624,498,1
2625,498,2
2626,499,1
2627,499,2
2628,497,1
2629,497,2
2630,491,3
2631,491,2
2632,490,3
2633,490,2
2634,477,4
2635,494,1
2636,494,2
2637,495,1
2638,495,2
2639,484,4
2640,483,4
2641,482,4
2642,493,4
2643,480,4
2644,479,4
2645,488,4
2646,481,1
2647,481,2
2648,492,1
2649,492,2
2650,489,4
2651,486,4
2652,487,4
2653,496,1
2654,496,2
2655,485,4
2656,500,1
2657,478,3
2658,478,2
2659,498,1
2660,498,2
2661,499,1
2662,499,2
2663,497,1
2664,497,2
2665,491,3
2666,491,2
2667,490,3
2668,490,2
2669,477,4
2670,494,1
2671,494,2
2672,495,1
2673,495,2
2674,514,1
2675,514,2
2676,502,3
2677,502,2
2678,507,1
2679,507,2
2680,506,1
2681,506,2
2682,511,4
2683,518,4
2684,522,4
2685,520,4
2686,521,4
2687,516,4
2688,500,2
2689,504,4
2690,523,4
2691,512,4
2692,508,4
2693,505,4
2694,515,4
2695,519,4
2696,517,4
2697,510,4
2698,503,1
2699,503,2
2700,513,4
2701,501,4
2702,509,4
2703,514,1
2704,514,2
2705,502,3
2706,502,2
2707,507,1
2708,507,2
2709,506,1
2710,506,2
2711,511,4
2712,518,4
2713,522,4
2714,520,4
2715,521,4
2716,516,4
2717,500,2
2718,504,4
2719,523,4
2720,512,4
2721,508,4
2722,505,4
2723,515,4
2724,519,4
2725,517,4
2726,510,4
2727,503,1
2728,503,2
2729,513,4
2730,501,4
2731,509,4
2732,527,4
2733,547,4
2734,546,1
2735,546,2
2736,525,4
2737,526,4
2738,529,4
2739,530,1
2740,530,2
2741,545,1
2742,545,2
2743,544,1
2744,544,2
2745,543,1
2746,543,2
2747,537,1
2748,537,2
2749,536,1
2750,536,2
2751,535,1
2752,535,2
2753,538,1
2754,538,2
2755,533,1
2756,533,2
2757,532,1
2758,532,2
2759,540,1
2760,540,2
2761,534,1
2762,534,2
2763,541,1
2764,541,2
2765,539,1
2766,539,2
2767,542,1
2768,542,2
2769,531,1
2770,531,2
2771,524,4
2772,528,4
2773,527,4
2774,547,4
2775,546,1
2776,546,2
2777,525,4
2778,526,4
2779,529,4
2780,530,1
2781,530,2
2782,545,1
2783,545,2
2784,544,1
2785,544,2
2786,543,1
2787,543,2
2788,537,1
2789,537,2
2790,536,1
2791,536,2
2792,535,1
2793,535,2
2794,538,1
2795,538,2
2796,533,1
2797,533,2
2798,532,1
2799,532,2
2800,540,1
2801,540,2
2802,534,1
2803,534,2
2804,541,1
2805,541,2
2806,539,1
2807,539,2
2808,542,1
2809,542,2
2810,531,1
2811,531,2
2812,524,4
2813,528,4
2814,549,4
2815,560,4
2816,567,1
2817,567,2
2818,550,1
2819,550,2
2820,568,6
2821,568,2
2822,559,4
2823,553,4
2824,566,6
2825,566,2
2826,565,6
2827,565,2
2828,564,6
2829,564,2
2830,558,4
2831,569,4
2832,571,4
2833,570,4
2834,572,4
2835,557,1
2836,557,2
2837,556,1
2838,556,2
2839,555,1
2840,555,2
2841,554,1
2842,554,2
2843,552,1
2844,552,2
2845,561,4
2846,563,4
2847,562,4
2848,548,1
2849,548,2
2850,549,4
2851,560,4
2852,567,1
2853,567,2
2854,550,1
2855,550,2
2856,568,6
2857,568,2
2858,559,4
2859,553,4
2860,566,6
2861,566,2
2862,565,6
2863,565,2
2864,564,6
2865,564,2
2866,558,4
2867,569,4
2868,571,4
2869,570,4
2870,572,4
2871,557,1
2872,557,2
2873,556,1
2874,556,2
2875,555,1
2876,555,2
2877,554,1
2878,554,2
2879,552,1
2880,552,2
2881,561,4
2882,563,4
2883,562,4
2884,548,1
2885,548,2
2886,575,4
2887,590,4
2888,581,4
2889,586,1
2890,586,2
2891,577,1
2892,577,2
2893,585,4
2894,584,4
2895,583,4
2896,576,3
2897,576,2
2898,580,6
2899,580,2
2900,593,1
2901,593,2
2902,592,1
2903,592,2
2904,579,4
2905,591,1
2906,591,2
2907,595,1
2908,595,2
2909,596,1
2910,596,2
2911,573,4
2912,597,1
2913,597,2
2914,582,4
2915,574,4
2916,589,4
2917,588,4
2918,587,4
2919,578,4
2920,575,4
2921,590,4
2922,581,4
2923,586,1
2924,586,2
2925,577,1
2926,577,2
2927,585,4
2928,584,4
2929,583,4
2930,576,3
2931,576,2
2932,580,6
2933,580,2
2934,593,1
2935,593,2
2936,592,1
2937,592,2
2938,579,4
2939,591,1
2940,591,2
2941,595,1
2942,595,2
2943,596,1
2944,596,2
2945,573,4
2946,597,1
2947,597,2
2948,582,4
2949,574,4
2950,589,4
2951,588,4
2952,587,4
2953,578,4
2954,620,1
2955,620,2
2956,600,4
2957,613,4
2958,612,4
2959,607,6
2960,607,2
2961,615,1
2962,615,2
2963,617,1
2964,617,2
2965,616,1
2966,616,2
2967,618,1
2968,618,2
2969,622,1
2970,622,2
2971,604,4
2972,599,4
2973,606,4
2974,619,1
2975,619,2
2976,609,4
2977,602,3
2978,602,2
2979,601,1
2980,601,2
2981,608,4
2982,605,4
2983,621,1
2984,621,2
2985,614,1
2986,614,2
2987,598,1
2988,598,2
2989,610,5
2990,603,4
2991,620,1
2992,620,2
2993,600,4
2994,613,4
2995,612,4
2996,607,6
2997,607,2
2998,615,1
2999,615,2
3000,617,1
3001,617,2
3002,616,1
3003,616,2
3004,618,1
3005,618,2
3006,622,1
3007,622,2
3008,604,4
3009,599,4
3010,606,4
3011,619,1
3012,619,2
3013,609,4
3014,602,3
3015,602,2
3016,601,1
3017,601,2
3018,608,4
3019,605,4
3020,621,1
3021,621,2
3022,614,1
3023,614,2
3024,598,1
3025,598,2
3026,610,5
3027,603,4
3028,629,4
3029,640,1
3030,640,2
3031,627,1
3032,627,2
3033,626,1
3034,626,2
3035,625,3
3036,625,2
3037,643,3
3038,643,2
3039,645,4
3040,636,4
3041,644,1
3042,644,2
3043,630,4
3044,631,4
3045,635,4
3046,628,4
3047,623,1
3048,623,2
3049,624,1
3050,624,2
3051,637,4
3052,638,4
3053,639,4
3054,641,4
3055,642,1
3056,642,2
3057,632,4
3058,633,4
3059,634,4
3060,629,4
3061,640,1
3062,640,2
3063,627,1
3064,627,2
3065,626,1
3066,626,2
3067,625,3
3068,625,2
3069,643,3
3070,643,2
3071,645,4
3072,636,4
3073,644,1
3074,644,2
3075,630,4
3076,631,4
3077,635,4
3078,628,4
3079,623,1
3080,623,2
3081,624,1
3082,624,2
3083,637,4
3084,638,4
3085,639,4
3086,641,4
3087,642,1
3088,642,2
3089,632,4
3090,633,4
3091,634,4
3092,681,1
3093,681,2
3094,669,3
3095,669,2
3096,667,1
3097,667,2
3098,653,1
3099,653,2
3100,664,3
3101,664,2
3102,646,4
3103,672,4
3104,677,5
3105,675,3
3106,675,2
3107,684,1
3108,684,2
3109,647,4
3110,678,1
3111,678,2
3112,685,1
3113,680,1
3114,680,2
3115,682,4
3116,676,1
3117,676,2
3118,679,1
3119,679,2
3120,663,3
3121,663,2
3122,668,4
3123,674,1
3124,674,2
3125,670,4
3126,683,1
3127,683,2
3128,673,1
3129,673,2
3130,671,1
3131,671,2
3132,681,1
3133,681,2
3134,669,3
3135,669,2
3136,667,1
3137,667,2
3138,653,1
3139,653,2
3140,664,3
3141,664,2
3142,646,4
3143,672,4
3144,677,5
3145,675,3
3146,675,2
3147,684,1
3148,684,2
3149,647,4
3150,678,1
3151,678,2
3152,685,1
3153,680,1
3154,680,2
3155,682,4
3156,676,1
3157,676,2
3158,679,1
3159,679,2
3160,663,3
3161,663,2
3162,668,4
3163,674,1
3164,674,2
3165,670,4
3166,683,1
3167,683,2
3168,673,1
3169,673,2
3170,671,1
3171,671,2
3172,692,4
3173,701,1
3174,701,2
3175,700,1
3176,700,2
3177,699,3
3178,699,2
3179,686,3
3180,686,2
3181,702,3
3182,702,2
3183,703,1
3184,703,2
3185,694,5
3186,693,3
3187,693,2
3188,698,1
3189,698,2
3190,708,1
3191,708,2
3192,707,1
3193,707,2
3194,710,1
3195,710,2
3196,691,1
3197,691,2
3198,690,1
3199,690,2
3200,705,3
3201,705,2
3202,709,1
3203,709,2
3204,706,3
3205,706,2
3206,688,1
3207,688,2
3208,696,1
3209,696,2
3210,687,4
3211,695,4
3212,697,1
3213,697,2
3214,689,1
3215,689,2
3216,692,4
3217,701,1
3218,701,2
3219,700,1
3220,700,2
3221,699,3
3222,699,2
3223,686,3
3224,686,2
3225,702,3
3226,702,2
3227,703,1
3228,703,2
3229,694,5
3230,693,3
3231,693,2
3232,698,1
3233,698,2
3234,708,1
3235,708,2
3236,707,1
3237,707,2
3238,710,1
3239,710,2
3240,691,1
3241,691,2
3242,690,1
3243,690,2
3244,705,3
3245,705,2
3246,709,1
3247,709,2
3248,706,3
3249,706,2
3250,688,1
3251,688,2
3252,696,1
3253,696,2
3254,687,4
3255,695,4
3256,697,1
3257,697,2
3258,689,1
3259,689,2
3260,728,4
3261,721,4
3262,717,4
3263,716,4
3264,715,4
3265,729,1
3266,729,2
3267,727,4
3268,730,4
3269,733,1
3270,733,2
3271,714,4
3272,726,4
3273,734,3
3274,734,2
3275,732,4
3276,731,4
3277,713,4
3278,712,4
3279,711,4
3280,722,4
3281,723,4
3282,724,4
3283,725,4
3284,718,4
3285,719,4
3286,720,4
3287,728,4
3288,721,4
3289,717,4
3290,716,4
3291,715,4
3292,729,1
3293,729,2
3294,727,4
3295,730,4
3296,733,1
3297,733,2
3298,714,4
3299,726,4
3300,734,3
3301,734,2
3302,732,4
3303,731,4
3304,713,4
3305,712,4
3306,711,4
3307,722,4
3308,723,4
3309,724,4
3310,725,4
3311,718,4
3312,719,4
3313,720,4
3314,747,4
3315,757,4
3316,758,4
3317,742,4
3318,755,6
3319,755,2
3320,743,1
3321,743,2
3322,750,4
3323,761,4
3324,754,1
3325,754,3
3326,754,2
3327,739,1
3328,739,2
3329,735,3
3330,735,2
3331,741,1
3332,741,2
3333,760,6
3334,760,2
3335,736,4
3336,744,1
3337,744,2
3338,745,4
3339,746,4
3340,740,4
3341,737,4
3342,738,4
3343,751,4
3344,752,4
3345,753,1
3346,753,2
3347,747,4
3348,757,4
3349,758,4
3350,742,4
3351,755,6
3352,755,2
3353,743,1
3354,743,2
3355,750,4
3356,761,4
3357,754,1
3358,754,3
3359,754,2
3360,739,1
3361,739,2
3362,735,3
3363,735,2
3364,741,1
3365,741,2
3366,760,6
3367,760,2
3368,736,4
3369,744,1
3370,744,2
3371,745,4
3372,746,4
3373,740,4
3374,737,4
3375,738,4
3376,751,4
3377,752,4
3378,753,1
3379,753,2
3380,769,4
3381,768,4
3382,767,4
3383,766,4
3384,765,4
3385,763,4
3386,772,1
3387,773,1
3388,776,4
3389,774,3
3390,774,2
3391,770,1
3392,762,4
3393,781,4
3394,778,1
3395,783,4
3396,783,1
3397,783,3
3398,783,2
3399,784,4
3400,784,1
3401,784,3
3402,784,2
3403,785,3
3404,785,2
3405,775,4
3406,775,1
3407,775,3
3408,782,4
3409,782,1
3410,780,1
3411,779,1
3412,764,4
3413,771,4
3414,771,1
3415,777,4
3416,777,1
3417,769,4
3418,768,4
3419,767,4
3420,766,4
3421,765,4
3422,763,4
3423,772,1
3424,773,1
3425,776,4
3426,774,3
3427,774,2
3428,770,1
3429,762,4
3430,781,4
3431,778,1
3432,783,4
3433,783,1
3434,783,3
3435,783,2
3436,784,4
3437,784,1
3438,784,3
3439,784,2
3440,785,3
3441,785,2
3442,775,4
3443,775,1
3444,775,3
3445,782,4
3446,782,1
3447,780,1
3448,779,1
3449,764,4
3450,771,4
3451,771,1
3452,777,4
3453,777,1
3454,794,3
3455,806,4
3456,807,4
3457,810,1
3458,809,4
3459,801,2
3460,793,4
3461,790,4
3462,798,1
3463,791,4
3464,796,4
3465,788,1
3466,787,4
3467,792,1
3468,804,1
3469,800,4
3470,789,4
3471,808,4
3472,797,4
3473,786,3
3474,786,2
3475,803,3
3476,803,2
3477,802,3
3478,802,2
3479,805,4
3480,799,4
3481,794,3
3482,806,4
3483,807,4
3484,810,1
3485,809,4
3486,801,2
3487,793,4
3488,790,4
3489,798,1
3490,791,4
3491,796,4
3492,788,1
3493,787,4
3494,792,1
3495,804,1
3496,800,4
3497,789,4
3498,808,4
3499,797,4
3500,786,3
3501,786,2
3502,803,3
3503,803,2
3504,802,3
3505,802,2
3506,805,4
3507,799,4
3508,830,1
3509,816,1
3510,828,1
3511,811,4
3512,821,3
3513,821,2
3514,818,1
3515,818,2
3516,822,3
3517,822,2
3518,823,3
3519,823,2
3520,812,1
3521,825,1
3522,825,2
3523,824,1
3524,824,2
3525,813,4
3526,827,3
3527,827,2
3528,817,6
3529,817,3
3530,817,2
3531,819,6
3532,820,4
3533,826,4
3534,815,1
3535,829,1
3536,833,5
3537,832,5
3538,831,5
3539,814,1
3540,830,1
3541,816,1
3542,828,1
3543,811,4
3544,821,3
3545,821,2
3546,818,1
3547,818,2
3548,822,3
3549,822,2
3550,823,3
3551,823,2
3552,812,1
3553,825,1
3554,825,2
3555,824,1
3556,824,2
3557,813,4
3558,827,3
3559,827,2
3560,817,6
3561,817,3
3562,817,2
3563,819,6
3564,820,4
3565,826,4
3566,815,1
3567,829,1
3568,833,5
3569,832,5
3570,831,5
3571,814,1
3572,837,3
3573,837,2
3574,840,1
3575,838,6
3576,842,1
3577,839,4
3578,844,4
3579,849,4
3580,852,4
3581,848,4
3582,850,1
3583,851,1
3584,847,4
3585,853,4
3586,853,1
3587,854,1
3588,855,1
3589,856,4
3590,857,4
3591,858,1
3592,845,4
3593,846,4
3594,841,5
3595,843,1
3596,836,5
3597,835,5
3598,834,5
3599,837,3
3600,837,2
3601,840,1
3602,838,6
3603,842,1
3604,839,4
3605,844,4
3606,849,4
3607,852,4
3608,848,4
3609,850,1
3610,851,1
3611,847,4
3612,853,4
3613,853,1
3614,854,1
3615,855,1
3616,856,4
3617,857,4
3618,858,1
3619,845,4
3620,846,4
3621,841,5
3622,843,1
3623,836,5
3624,835,5
3625,834,5
3626,859,4
3627,860,1
3628,861,4
3629,861,3
3630,862,1
3631,863,4
3632,864,4
3633,866,4
3634,866,1
3635,867,1
3636,868,4
3637,869,4
3638,869,3
3639,869,2
3640,870,4
3641,871,4
3642,872,4
3643,873,3
3644,873,2
3645,874,4
3646,875,4
3647,876,1
3648,877,4
3649,877,1
3650,879,4
3651,880,4
3652,881,4
3653,865,5
3654,878,4
3655,859,4
3656,860,1
3657,861,4
3658,861,3
3659,862,1
3660,863,4
3661,864,4
3662,866,4
3663,866,1
3664,867,1
3665,868,4
3666,869,4
3667,869,3
3668,869,2
3669,870,4
3670,871,4
3671,872,4
3672,873,3
3673,873,2
3674,874,4
3675,875,4
3676,876,1
3677,877,4
3678,877,1
3679,879,4
3680,880,4
3681,881,4
3682,865,5
3683,878,4
3684,882,1
3685,883,1
3686,885,4
3687,886,4
3688,887,4
3689,888,4
3690,889,4
3691,890,4
3692,890,1
3693,892,4
3694,893,4
3695,895,4
3696,896,4
3697,896,1
3698,897,1
3699,897,3
3700,898,4
3701,899,6
3702,900,6
3703,901,1
3704,894,3
3705,894,2
3706,902,3
3707,902,2
3708,903,1
3709,904,3
3710,904,2
3711,891,4
3712,891,1
3713,905,4
3714,906,1
3715,906,2
3716,882,1
3717,883,1
3718,885,4
3719,886,4
3720,887,4
3721,888,4
3722,889,4
3723,890,4
3724,890,1
3725,892,4
3726,893,4
3727,895,4
3728,896,4
3729,896,1
3730,897,1
3731,897,3
3732,898,4
3733,899,6
3734,900,6
3735,901,1
3736,894,3
3737,894,2
3738,902,3
3739,902,2
3740,903,1
3741,904,3
3742,904,2
3743,891,4
3744,891,1
3745,905,4
3746,906,1
3747,906,2
3748,907,4
3749,1024,1
3750,1025,4
3751,907,4
3752,1024,1
3753,1025,4
3754,1026,1
3755,1026,2
3755,1026,3
3756,1026,4
3757,1026,6
