id,bsf_scheme_id,bsf_business_type_id
1,9,1
2,9,2
3,9,3
4,9,4
5,9,5
6,25,1
7,25,2
8,25,3
9,8,1
10,8,2
11,8,3
12,1,1
13,1,2
14,1,3
15,24,1
16,24,2
17,24,3
18,23,1
19,23,2
20,23,3
21,22,1
22,22,2
23,22,3
24,22,4
25,14,6
26,14,1
27,14,2
28,14,3
29,14,4
30,12,1
31,12,2
32,12,3
33,12,4
34,5,1
35,5,2
36,5,3
37,15,6
38,15,1
39,15,2
40,15,3
41,17,6
42,17,1
43,17,3
44,18,1
45,18,2
46,18,3
47,18,4
48,16,1
49,16,2
50,16,3
51,19,1
52,19,2
53,19,3
54,19,4
55,6,6
56,6,1
57,6,2
58,6,3
59,3,1
60,3,3
61,3,4
62,7,1
63,7,2
64,7,3
65,2,1
66,2,2
67,2,3
68,2,4
69,2,5
70,11,1
71,11,2
72,11,3
73,11,4
74,21,1
75,21,2
76,21,3
77,10,1
78,10,2
79,10,3
80,10,4
81,20,1
82,20,2
83,20,3
84,20,4
85,4,1
86,4,2
87,4,3
88,4,4
89,4,5
90,9,1
91,9,2
92,9,3
93,9,4
94,9,5
95,25,1
96,25,2
97,25,3
98,8,1
99,8,2
100,8,3
101,1,1
102,1,2
103,1,3
104,24,1
105,24,2
106,24,3
107,23,1
108,23,2
109,23,3
110,22,1
111,22,2
112,22,3
113,22,4
114,14,6
115,14,1
116,14,2
117,14,3
118,14,4
119,12,1
120,12,2
121,12,3
122,12,4
123,5,1
124,5,2
125,5,3
126,15,6
127,15,1
128,15,2
129,15,3
130,17,6
131,17,1
132,17,3
133,18,1
134,18,2
135,18,3
136,18,4
137,16,1
138,16,2
139,16,3
140,19,1
141,19,2
142,19,3
143,19,4
144,6,6
145,6,1
146,6,2
147,6,3
148,3,1
149,3,3
150,3,4
151,7,1
152,7,2
153,7,3
154,2,1
155,2,2
156,2,3
157,2,4
158,2,5
159,11,1
160,11,2
161,11,3
162,11,4
163,21,1
164,21,2
165,21,3
166,10,1
167,10,2
168,10,3
169,10,4
170,20,1
171,20,2
172,20,3
173,20,4
174,4,1
175,4,2
176,4,3
177,4,4
178,4,5
179,50,1
180,50,2
181,50,3
182,50,4
183,26,1
184,26,2
185,26,3
186,26,4
187,45,4
188,45,5
189,33,1
190,33,2
191,33,3
192,39,1
193,39,2
194,39,3
195,39,4
196,38,1
197,38,2
198,38,3
199,38,4
200,30,1
201,30,2
202,30,3
203,30,4
204,49,1
205,49,2
206,49,3
207,48,1
208,48,2
209,48,3
210,42,6
211,42,4
212,40,1
213,40,2
214,40,3
215,40,4
216,44,1
217,44,2
218,44,3
219,44,4
220,43,1
221,43,2
222,43,3
223,43,4
224,32,1
225,32,2
226,32,3
227,32,4
228,32,5
229,27,1
230,27,2
231,27,3
232,27,4
233,27,5
234,46,6
235,46,1
236,46,2
237,46,3
238,46,4
239,36,6
240,36,1
241,36,2
242,36,3
243,31,1
244,31,2
245,31,3
246,35,6
247,34,1
248,34,3
249,28,1
250,28,2
251,28,3
252,47,6
253,47,1
254,47,2
255,47,3
256,29,6
257,29,1
258,29,2
259,29,3
260,29,4
261,50,1
262,50,2
263,50,3
264,50,4
265,26,1
266,26,2
267,26,3
268,26,4
269,45,4
270,45,5
271,33,1
272,33,2
273,33,3
274,39,1
275,39,2
276,39,3
277,39,4
278,38,1
279,38,2
280,38,3
281,38,4
282,30,1
283,30,2
284,30,3
285,30,4
286,49,1
287,49,2
288,49,3
289,48,1
290,48,2
291,48,3
292,42,6
293,42,4
294,40,1
295,40,2
296,40,3
297,40,4
298,44,1
299,44,2
300,44,3
301,44,4
302,43,1
303,43,2
304,43,3
305,43,4
306,32,1
307,32,2
308,32,3
309,32,4
310,32,5
311,27,1
312,27,2
313,27,3
314,27,4
315,27,5
316,46,6
317,46,1
318,46,2
319,46,3
320,46,4
321,36,6
322,36,1
323,36,2
324,36,3
325,31,1
326,31,2
327,31,3
328,35,6
329,34,1
330,34,3
331,28,1
332,28,2
333,28,3
334,47,6
335,47,1
336,47,2
337,47,3
338,29,6
339,29,1
340,29,2
341,29,3
342,29,4
343,50,6
344,77,1
345,77,2
346,77,3
347,77,4
348,77,5
349,70,6
350,70,1
351,70,2
352,70,3
353,70,4
354,76,6
355,76,1
356,76,2
357,76,3
358,76,4
359,79,1
360,79,2
361,79,3
362,79,4
363,57,1
364,57,2
365,57,3
366,57,4
367,81,1
368,81,2
369,81,3
370,81,4
371,67,6
372,67,1
373,67,2
374,67,3
375,60,6
376,60,1
377,60,2
378,60,3
379,60,4
380,51,1
381,51,2
382,51,3
383,52,1
384,52,2
385,52,3
386,53,1
387,53,2
388,53,3
389,59,1
390,59,2
391,59,3
392,59,4
393,54,1
394,54,2
395,54,3
396,56,6
397,74,6
398,74,1
399,74,2
400,74,3
401,75,6
402,75,1
403,75,2
404,75,3
405,66,6
406,66,1
407,66,2
408,66,3
409,61,1
410,61,2
411,61,3
412,62,1
413,62,2
414,62,3
415,72,6
416,72,1
417,72,2
418,72,3
419,73,4
420,71,6
421,71,1
422,71,2
423,71,3
424,50,6
425,77,1
426,77,2
427,77,3
428,77,4
429,77,5
430,70,6
431,70,1
432,70,2
433,70,3
434,70,4
435,76,6
436,76,1
437,76,2
438,76,3
439,76,4
440,79,1
441,79,2
442,79,3
443,79,4
444,57,1
445,57,2
446,57,3
447,57,4
448,81,1
449,81,2
450,81,3
451,81,4
452,67,6
453,67,1
454,67,2
455,67,3
456,60,6
457,60,1
458,60,2
459,60,3
460,60,4
461,51,1
462,51,2
463,51,3
464,52,1
465,52,2
466,52,3
467,53,1
468,53,2
469,53,3
470,59,1
471,59,2
472,59,3
473,59,4
474,54,1
475,54,2
476,54,3
477,56,6
478,74,6
479,74,1
480,74,2
481,74,3
482,75,6
483,75,1
484,75,2
485,75,3
486,66,6
487,66,1
488,66,2
489,66,3
490,61,1
491,61,2
492,61,3
493,62,1
494,62,2
495,62,3
496,72,6
497,72,1
498,72,2
499,72,3
500,73,4
501,71,6
502,71,1
503,71,2
504,71,3
505,98,6
506,98,1
507,98,2
508,98,3
509,98,4
510,104,1
511,104,2
512,104,3
513,104,4
514,88,1
515,88,3
516,90,6
517,90,1
518,90,2
519,90,3
520,91,1
521,91,2
522,91,3
523,84,1
524,84,2
525,84,3
526,83,1
527,83,2
528,83,3
529,92,6
530,92,1
531,92,2
532,92,3
533,96,1
534,96,3
535,96,4
536,97,6
537,97,1
538,97,2
539,97,3
540,105,1
541,105,2
542,105,3
543,94,1
544,94,2
545,94,3
546,86,1
547,86,2
548,86,3
549,87,6
550,87,1
551,87,2
552,87,3
553,87,4
554,103,1
555,103,2
556,103,3
557,93,1
558,93,2
559,93,3
560,102,1
561,102,2
562,102,3
563,99,1
564,99,2
565,99,3
566,99,4
567,95,1
568,95,2
569,95,3
570,95,4
571,85,6
572,85,1
573,85,2
574,85,3
575,82,1
576,82,2
577,82,3
578,82,4
579,82,5
580,98,6
581,98,1
582,98,2
583,98,3
584,98,4
585,104,1
586,104,2
587,104,3
588,104,4
589,88,1
590,88,3
591,90,6
592,90,1
593,90,2
594,90,3
595,91,1
596,91,2
597,91,3
598,84,1
599,84,2
600,84,3
601,83,1
602,83,2
603,83,3
604,92,6
605,92,1
606,92,2
607,92,3
608,96,1
609,96,3
610,96,4
611,97,6
612,97,1
613,97,2
614,97,3
615,105,1
616,105,2
617,105,3
618,94,1
619,94,2
620,94,3
621,86,1
622,86,2
623,86,3
624,87,6
625,87,1
626,87,2
627,87,3
628,87,4
629,103,1
630,103,2
631,103,3
632,93,1
633,93,2
634,93,3
635,102,1
636,102,2
637,102,3
638,99,1
639,99,2
640,99,3
641,99,4
642,95,1
643,95,2
644,95,3
645,95,4
646,85,6
647,85,1
648,85,2
649,85,3
650,82,1
651,82,2
652,82,3
653,82,4
654,82,5
655,129,6
656,129,1
657,129,2
658,129,3
659,129,4
660,111,6
661,111,1
662,111,2
663,111,3
664,111,4
665,112,1
666,112,2
667,112,3
668,112,4
669,112,5
670,123,6
671,123,1
672,123,2
673,123,3
674,123,5
675,119,6
676,119,1
677,119,2
678,119,3
679,119,4
680,115,1
681,115,2
682,115,3
683,116,1
684,116,2
685,116,3
686,107,1
687,107,2
688,107,3
689,117,6
690,117,1
691,117,2
692,117,3
693,117,4
694,109,6
695,109,1
696,109,2
697,109,3
698,118,1
699,118,2
700,118,3
701,113,4
702,113,5
703,108,6
704,108,1
705,108,2
706,108,3
707,108,4
708,122,1
709,122,2
710,122,3
711,110,1
712,110,2
713,110,3
714,110,4
715,125,4
716,125,5
717,121,1
718,121,2
719,121,3
720,124,6
721,124,4
722,124,5
723,128,1
724,128,2
725,128,3
726,128,4
727,126,1
728,126,2
729,126,3
730,126,4
731,106,6
732,106,1
733,106,3
734,114,6
735,129,6
736,129,1
737,129,2
738,129,3
739,129,4
740,111,6
741,111,1
742,111,2
743,111,3
744,111,4
745,112,1
746,112,2
747,112,3
748,112,4
749,112,5
750,123,6
751,123,1
752,123,2
753,123,3
754,123,5
755,119,6
756,119,1
757,119,2
758,119,3
759,119,4
760,115,1
761,115,2
762,115,3
763,116,1
764,116,2
765,116,3
766,107,1
767,107,2
768,107,3
769,117,6
770,117,1
771,117,2
772,117,3
773,117,4
774,109,6
775,109,1
776,109,2
777,109,3
778,118,1
779,118,2
780,118,3
781,113,4
782,113,5
783,108,6
784,108,1
785,108,2
786,108,3
787,108,4
788,122,1
789,122,2
790,122,3
791,110,1
792,110,2
793,110,3
794,110,4
795,125,4
796,125,5
797,121,1
798,121,2
799,121,3
800,124,6
801,124,4
802,124,5
803,128,1
804,128,2
805,128,3
806,128,4
807,126,1
808,126,2
809,126,3
810,126,4
811,106,6
812,106,1
813,106,3
814,114,6
815,152,1
816,152,2
817,152,3
818,151,6
819,150,1
820,150,2
821,150,3
822,150,4
823,149,1
824,149,2
825,149,3
826,149,4
827,131,6
828,131,1
829,131,2
830,131,3
831,131,4
832,138,1
833,138,2
834,138,3
835,137,1
836,137,2
837,137,3
838,145,4
839,145,5
840,147,1
841,147,2
842,147,3
843,147,4
844,132,4
845,132,5
846,130,4
847,130,5
848,134,1
849,134,2
850,134,3
851,134,4
852,141,1
853,141,2
854,141,3
855,136,1
856,136,2
857,136,3
858,139,1
859,139,2
860,139,3
861,144,1
862,144,2
863,144,3
864,144,4
865,143,1
866,143,2
867,143,3
868,143,4
869,146,6
870,140,1
871,140,2
872,140,3
873,154,1
874,153,1
875,153,2
876,153,3
877,153,4
878,133,4
879,133,5
880,135,1
881,135,2
882,135,3
883,135,4
884,142,1
885,142,2
886,142,3
887,148,6
888,152,1
889,152,2
890,152,3
891,151,6
892,150,1
893,150,2
894,150,3
895,150,4
896,149,1
897,149,2
898,149,3
899,149,4
900,131,6
901,131,1
902,131,2
903,131,3
904,131,4
905,138,1
906,138,2
907,138,3
908,137,1
909,137,2
910,137,3
911,145,4
912,145,5
913,147,1
914,147,2
915,147,3
916,147,4
917,132,4
918,132,5
919,130,4
920,130,5
921,134,1
922,134,2
923,134,3
924,134,4
925,141,1
926,141,2
927,141,3
928,136,1
929,136,2
930,136,3
931,139,1
932,139,2
933,139,3
934,144,1
935,144,2
936,144,3
937,144,4
938,143,1
939,143,2
940,143,3
941,143,4
942,146,6
943,140,1
944,140,2
945,140,3
946,154,1
947,153,1
948,153,2
949,153,3
950,153,4
951,133,4
952,133,5
953,135,1
954,135,2
955,135,3
956,135,4
957,142,1
958,142,2
959,142,3
960,148,6
961,173,1
962,173,2
963,173,3
964,175,6
965,160,1
966,160,2
967,160,3
968,167,1
969,167,2
970,167,3
971,170,1
972,170,2
973,170,3
974,170,4
975,170,5
976,155,1
977,155,2
978,155,3
979,161,1
980,161,2
981,161,3
982,165,1
983,165,2
984,165,3
985,164,1
986,164,2
987,164,3
988,162,1
989,162,2
990,162,3
991,166,1
992,166,2
993,166,3
994,163,1
995,163,2
996,163,3
997,174,1
998,174,2
999,174,3
1000,174,4
1001,174,5
1002,177,6
1003,177,1
1004,177,2
1005,177,3
1006,177,4
1007,154,2
1008,154,3
1009,154,4
1010,172,6
1011,172,1
1012,172,2
1013,172,3
1014,159,1
1015,159,2
1016,159,3
1017,158,1
1018,158,2
1019,158,3
1020,158,4
1021,158,5
1022,157,1
1023,157,2
1024,157,3
1025,157,4
1026,156,1
1027,156,2
1028,156,3
1029,156,4
1030,169,1
1031,169,2
1032,169,3
1033,169,4
1034,176,1
1035,176,2
1036,176,3
1037,176,4
1038,168,1
1039,168,2
1040,168,3
1041,173,1
1042,173,2
1043,173,3
1044,175,6
1045,160,1
1046,160,2
1047,160,3
1048,167,1
1049,167,2
1050,167,3
1051,170,1
1052,170,2
1053,170,3
1054,170,4
1055,170,5
1056,155,1
1057,155,2
1058,155,3
1059,161,1
1060,161,2
1061,161,3
1062,165,1
1063,165,2
1064,165,3
1065,164,1
1066,164,2
1067,164,3
1068,162,1
1069,162,2
1070,162,3
1071,166,1
1072,166,2
1073,166,3
1074,163,1
1075,163,2
1076,163,3
1077,174,1
1078,174,2
1079,174,3
1080,174,4
1081,174,5
1082,177,6
1083,177,1
1084,177,2
1085,177,3
1086,177,4
1087,154,2
1088,154,3
1089,154,4
1090,172,6
1091,172,1
1092,172,2
1093,172,3
1094,159,1
1095,159,2
1096,159,3
1097,158,1
1098,158,2
1099,158,3
1100,158,4
1101,158,5
1102,157,1
1103,157,2
1104,157,3
1105,157,4
1106,156,1
1107,156,2
1108,156,3
1109,156,4
1110,169,1
1111,169,2
1112,169,3
1113,169,4
1114,176,1
1115,176,2
1116,176,3
1117,176,4
1118,168,1
1119,168,2
1120,168,3
1121,184,6
1122,184,1
1123,184,2
1124,184,3
1125,188,1
1126,188,2
1127,188,3
1128,188,4
1129,178,6
1130,178,1
1131,178,2
1132,178,3
1133,178,4
1134,197,1
1135,197,2
1136,197,3
1137,197,4
1138,201,1
1139,201,3
1140,201,4
1141,179,6
1142,179,1
1143,179,2
1144,179,3
1145,179,4
1146,200,6
1147,200,1
1148,200,2
1149,200,3
1150,183,6
1151,199,1
1152,199,2
1153,199,3
1154,186,6
1155,186,1
1156,186,2
1157,186,3
1158,186,4
1159,189,6
1160,189,1
1161,189,2
1162,189,3
1163,189,4
1164,196,1
1165,196,2
1166,196,3
1167,196,4
1168,196,5
1169,194,1
1170,194,2
1171,194,3
1172,194,4
1173,195,1
1174,195,2
1175,195,3
1176,195,4
1177,190,6
1178,190,1
1179,190,2
1180,190,3
1181,190,4
1182,185,6
1183,185,1
1184,185,2
1185,185,3
1186,185,4
1187,191,6
1188,191,1
1189,191,2
1190,191,3
1191,191,4
1192,192,1
1193,192,2
1194,192,3
1195,182,4
1196,180,6
1197,180,1
1198,180,2
1199,180,3
1200,180,4
1201,193,1
1202,193,2
1203,193,3
1204,193,4
1205,181,1
1206,181,2
1207,181,3
1208,181,4
1209,184,6
1210,184,1
1211,184,2
1212,184,3
1213,188,1
1214,188,2
1215,188,3
1216,188,4
1217,178,6
1218,178,1
1219,178,2
1220,178,3
1221,178,4
1222,197,1
1223,197,2
1224,197,3
1225,197,4
1226,201,1
1227,201,3
1228,201,4
1229,179,6
1230,179,1
1231,179,2
1232,179,3
1233,179,4
1234,200,6
1235,200,1
1236,200,2
1237,200,3
1238,183,6
1239,199,1
1240,199,2
1241,199,3
1242,186,6
1243,186,1
1244,186,2
1245,186,3
1246,186,4
1247,189,6
1248,189,1
1249,189,2
1250,189,3
1251,189,4
1252,196,1
1253,196,2
1254,196,3
1255,196,4
1256,196,5
1257,194,1
1258,194,2
1259,194,3
1260,194,4
1261,195,1
1262,195,2
1263,195,3
1264,195,4
1265,190,6
1266,190,1
1267,190,2
1268,190,3
1269,190,4
1270,185,6
1271,185,1
1272,185,2
1273,185,3
1274,185,4
1275,191,6
1276,191,1
1277,191,2
1278,191,3
1279,191,4
1280,192,1
1281,192,2
1282,192,3
1283,182,4
1284,180,6
1285,180,1
1286,180,2
1287,180,3
1288,180,4
1289,193,1
1290,193,2
1291,193,3
1292,193,4
1293,181,1
1294,181,2
1295,181,3
1296,181,4
1297,203,1
1298,203,2
1299,203,3
1300,210,6
1301,210,1
1302,210,2
1303,210,3
1304,212,6
1305,212,1
1306,212,2
1307,212,3
1308,209,6
1309,209,1
1310,209,2
1311,209,3
1312,211,6
1313,211,1
1314,211,2
1315,211,3
1316,225,1
1317,225,2
1318,225,3
1319,213,6
1320,213,1
1321,213,2
1322,213,3
1323,216,6
1324,216,1
1325,216,2
1326,216,3
1327,216,4
1328,219,1
1329,219,2
1330,219,3
1331,219,4
1332,221,6
1333,221,1
1334,221,2
1335,221,3
1336,224,1
1337,224,2
1338,224,3
1339,224,4
1340,208,1
1341,208,2
1342,208,3
1343,223,1
1344,223,2
1345,223,3
1346,202,6
1347,202,1
1348,202,2
1349,202,3
1350,202,4
1351,222,1
1352,222,2
1353,222,3
1354,222,4
1355,204,1
1356,204,2
1357,204,3
1358,218,1
1359,218,2
1360,218,3
1361,215,6
1362,215,1
1363,215,2
1364,215,3
1365,215,4
1366,214,1
1367,214,2
1368,214,3
1369,214,4
1370,203,1
1371,203,2
1372,203,3
1373,210,6
1374,210,1
1375,210,2
1376,210,3
1377,212,6
1378,212,1
1379,212,2
1380,212,3
1381,209,6
1382,209,1
1383,209,2
1384,209,3
1385,211,6
1386,211,1
1387,211,2
1388,211,3
1389,225,1
1390,225,2
1391,225,3
1392,213,6
1393,213,1
1394,213,2
1395,213,3
1396,216,6
1397,216,1
1398,216,2
1399,216,3
1400,216,4
1401,219,1
1402,219,2
1403,219,3
1404,219,4
1405,221,6
1406,221,1
1407,221,2
1408,221,3
1409,224,1
1410,224,2
1411,224,3
1412,224,4
1413,208,1
1414,208,2
1415,208,3
1416,223,1
1417,223,2
1418,223,3
1419,202,6
1420,202,1
1421,202,2
1422,202,3
1423,202,4
1424,222,1
1425,222,2
1426,222,3
1427,222,4
1428,204,1
1429,204,2
1430,204,3
1431,218,1
1432,218,2
1433,218,3
1434,215,6
1435,215,1
1436,215,2
1437,215,3
1438,215,4
1439,214,1
1440,214,2
1441,214,3
1442,214,4
1443,226,6
1444,226,1
1445,226,2
1446,226,3
1447,226,4
1448,231,1
1449,231,2
1450,231,3
1451,242,4
1452,242,5
1453,232,6
1454,232,1
1455,232,2
1456,232,3
1457,232,4
1458,235,6
1459,235,1
1460,235,2
1461,235,3
1462,250,6
1463,250,1
1464,250,2
1465,250,3
1466,251,1
1467,251,2
1468,251,3
1469,246,6
1470,228,6
1471,239,5
1472,233,6
1473,233,1
1474,233,2
1475,233,3
1476,234,6
1477,234,1
1478,234,2
1479,234,3
1480,234,4
1481,244,6
1482,229,6
1483,229,4
1484,227,1
1485,227,2
1486,227,3
1487,227,4
1488,227,5
1489,241,4
1490,249,1
1491,249,2
1492,249,3
1493,238,6
1494,243,1
1495,243,2
1496,243,3
1497,230,6
1498,230,1
1499,230,2
1500,230,3
1501,230,4
1502,226,6
1503,226,1
1504,226,2
1505,226,3
1506,226,4
1507,231,1
1508,231,2
1509,231,3
1510,242,4
1511,242,5
1512,232,6
1513,232,1
1514,232,2
1515,232,3
1516,232,4
1517,235,6
1518,235,1
1519,235,2
1520,235,3
1521,250,6
1522,250,1
1523,250,2
1524,250,3
1525,251,1
1526,251,2
1527,251,3
1528,246,6
1529,228,6
1530,239,5
1531,233,6
1532,233,1
1533,233,2
1534,233,3
1535,234,6
1536,234,1
1537,234,2
1538,234,3
1539,234,4
1540,244,6
1541,229,6
1542,229,4
1543,227,1
1544,227,2
1545,227,3
1546,227,4
1547,227,5
1548,241,4
1549,249,1
1550,249,2
1551,249,3
1552,238,6
1553,243,1
1554,243,2
1555,243,3
1556,230,6
1557,230,1
1558,230,2
1559,230,3
1560,230,4
1561,272,1
1562,272,2
1563,272,3
1564,257,1
1565,257,2
1566,257,3
1567,256,1
1568,256,2
1569,256,3
1570,255,1
1571,255,2
1572,255,3
1573,253,1
1574,253,2
1575,253,3
1576,252,1
1577,252,2
1578,252,3
1579,266,6
1580,266,1
1581,266,2
1582,266,3
1583,266,5
1584,264,1
1585,264,2
1586,264,3
1587,264,4
1588,265,6
1589,265,1
1590,265,2
1591,265,3
1592,265,5
1593,251,6
1594,259,6
1595,259,1
1596,259,2
1597,259,3
1598,259,4
1599,269,1
1600,269,2
1601,269,3
1602,268,1
1603,268,2
1604,268,3
1605,267,1
1606,267,2
1607,267,3
1608,262,6
1609,262,1
1610,262,3
1611,274,1
1612,274,2
1613,274,3
1614,273,1
1615,273,2
1616,273,3
1617,273,4
1618,271,1
1619,271,2
1620,271,3
1621,271,4
1622,271,5
1623,261,1
1624,261,2
1625,261,3
1626,261,4
1627,254,1
1628,254,2
1629,254,3
1630,275,1
1631,275,2
1632,275,3
1633,260,1
1634,260,2
1635,260,3
1636,260,4
1637,272,1
1638,272,2
1639,272,3
1640,257,1
1641,257,2
1642,257,3
1643,256,1
1644,256,2
1645,256,3
1646,255,1
1647,255,2
1648,255,3
1649,253,1
1650,253,2
1651,253,3
1652,252,1
1653,252,2
1654,252,3
1655,266,6
1656,266,1
1657,266,2
1658,266,3
1659,266,5
1660,264,1
1661,264,2
1662,264,3
1663,264,4
1664,265,6
1665,265,1
1666,265,2
1667,265,3
1668,265,5
1669,251,6
1670,259,6
1671,259,1
1672,259,2
1673,259,3
1674,259,4
1675,269,1
1676,269,2
1677,269,3
1678,268,1
1679,268,2
1680,268,3
1681,267,1
1682,267,2
1683,267,3
1684,262,6
1685,262,1
1686,262,3
1687,274,1
1688,274,2
1689,274,3
1690,273,1
1691,273,2
1692,273,3
1693,273,4
1694,271,1
1695,271,2
1696,271,3
1697,271,4
1698,271,5
1699,261,1
1700,261,2
1701,261,3
1702,261,4
1703,254,1
1704,254,2
1705,254,3
1706,275,1
1707,275,2
1708,275,3
1709,260,1
1710,260,2
1711,260,3
1712,260,4
1713,293,6
1714,293,1
1715,293,2
1716,293,3
1717,293,4
1718,280,1
1719,280,2
1720,280,3
1721,281,1
1722,281,2
1723,281,3
1724,296,1
1725,296,2
1726,296,3
1727,288,6
1728,288,1
1729,288,2
1730,288,3
1731,288,4
1732,298,1
1733,298,2
1734,298,3
1735,299,1
1736,299,2
1737,287,1
1738,287,2
1739,287,3
1740,292,1
1741,292,2
1742,292,3
1743,285,1
1744,285,2
1745,285,3
1746,291,6
1747,291,1
1748,291,2
1749,291,3
1750,291,4
1751,279,1
1752,279,2
1753,279,3
1754,278,6
1755,278,1
1756,278,2
1757,278,3
1758,278,5
1759,283,6
1760,283,1
1761,283,2
1762,283,3
1763,283,4
1764,284,6
1765,284,1
1766,284,2
1767,284,3
1768,284,4
1769,289,6
1770,289,1
1771,289,2
1772,289,3
1773,286,1
1774,286,2
1775,286,3
1776,282,1
1777,282,2
1778,282,3
1779,297,1
1780,297,2
1781,297,3
1782,290,1
1783,290,2
1784,290,3
1785,295,1
1786,295,2
1787,295,3
1788,294,1
1789,294,2
1790,294,3
1791,293,6
1792,293,1
1793,293,2
1794,293,3
1795,293,4
1796,280,1
1797,280,2
1798,280,3
1799,281,1
1800,281,2
1801,281,3
1802,296,1
1803,296,2
1804,296,3
1805,288,6
1806,288,1
1807,288,2
1808,288,3
1809,288,4
1810,298,1
1811,298,2
1812,298,3
1813,299,1
1814,299,2
1815,287,1
1816,287,2
1817,287,3
1818,292,1
1819,292,2
1820,292,3
1821,285,1
1822,285,2
1823,285,3
1824,291,6
1825,291,1
1826,291,2
1827,291,3
1828,291,4
1829,279,1
1830,279,2
1831,279,3
1832,278,6
1833,278,1
1834,278,2
1835,278,3
1836,278,5
1837,283,6
1838,283,1
1839,283,2
1840,283,3
1841,283,4
1842,284,6
1843,284,1
1844,284,2
1845,284,3
1846,284,4
1847,289,6
1848,289,1
1849,289,2
1850,289,3
1851,286,1
1852,286,2
1853,286,3
1854,282,1
1855,282,2
1856,282,3
1857,297,1
1858,297,2
1859,297,3
1860,290,1
1861,290,2
1862,290,3
1863,295,1
1864,295,2
1865,295,3
1866,294,1
1867,294,2
1868,294,3
1869,320,1
1870,320,2
1871,320,3
1872,320,4
1873,316,4
1874,302,1
1875,302,2
1876,302,3
1877,302,4
1878,323,1
1879,321,1
1880,321,2
1881,321,3
1882,321,4
1883,299,3
1884,299,4
1885,311,5
1886,303,1
1887,303,2
1888,303,3
1889,318,1
1890,318,2
1891,318,3
1892,306,1
1893,306,2
1894,306,3
1895,308,1
1896,308,2
1897,308,3
1898,308,4
1899,300,6
1900,300,1
1901,300,2
1902,300,3
1903,300,4
1904,317,6
1905,317,1
1906,317,2
1907,317,3
1908,317,4
1909,314,1
1910,314,2
1911,314,3
1912,315,1
1913,315,2
1914,315,3
1915,313,1
1916,313,2
1917,313,3
1918,301,4
1919,307,1
1920,307,2
1921,307,3
1922,322,1
1923,322,2
1924,322,3
1925,322,4
1926,322,5
1927,310,5
1928,312,4
1929,309,1
1930,309,2
1931,309,3
1932,304,6
1933,319,4
1934,320,1
1935,320,2
1936,320,3
1937,320,4
1938,316,4
1939,302,1
1940,302,2
1941,302,3
1942,302,4
1943,323,1
1944,321,1
1945,321,2
1946,321,3
1947,321,4
1948,299,3
1949,299,4
1950,311,5
1951,303,1
1952,303,2
1953,303,3
1954,318,1
1955,318,2
1956,318,3
1957,306,1
1958,306,2
1959,306,3
1960,308,1
1961,308,2
1962,308,3
1963,308,4
1964,300,6
1965,300,1
1966,300,2
1967,300,3
1968,300,4
1969,317,6
1970,317,1
1971,317,2
1972,317,3
1973,317,4
1974,314,1
1975,314,2
1976,314,3
1977,315,1
1978,315,2
1979,315,3
1980,313,1
1981,313,2
1982,313,3
1983,301,4
1984,307,1
1985,307,2
1986,307,3
1987,322,1
1988,322,2
1989,322,3
1990,322,4
1991,322,5
1992,310,5
1993,312,4
1994,309,1
1995,309,2
1996,309,3
1997,304,6
1998,319,4
1999,332,1
2000,332,3
2001,332,4
2002,333,6
2003,333,1
2004,333,2
2005,333,3
2006,333,4
2007,334,6
2008,334,1
2009,334,3
2010,328,1
2011,328,2
2012,328,3
2013,328,4
2014,328,5
2015,323,2
2016,323,3
2017,339,6
2018,339,1
2019,339,2
2020,339,3
2021,337,6
2022,337,1
2023,337,2
2024,337,3
2025,338,6
2026,338,1
2027,338,2
2028,338,3
2029,336,6
2030,330,1
2031,330,2
2032,330,3
2033,330,4
2034,330,5
2035,329,1
2036,329,2
2037,329,3
2038,329,4
2039,329,5
2040,342,1
2041,342,2
2042,342,3
2043,342,4
2044,324,1
2045,324,2
2046,324,3
2047,324,4
2048,326,1
2049,326,2
2050,326,3
2051,346,6
2052,346,4
2053,331,1
2054,331,2
2055,331,3
2056,331,5
2057,343,1
2058,343,2
2059,343,3
2060,343,4
2061,345,6
2062,345,1
2063,345,2
2064,345,3
2065,345,4
2066,344,6
2067,344,1
2068,344,2
2069,344,3
2070,344,4
2071,335,6
2072,335,1
2073,335,2
2074,335,3
2075,335,4
2076,341,6
2077,341,1
2078,341,2
2079,341,3
2080,341,4
2081,332,1
2082,332,3
2083,332,4
2084,333,6
2085,333,1
2086,333,2
2087,333,3
2088,333,4
2089,334,6
2090,334,1
2091,334,3
2092,328,1
2093,328,2
2094,328,3
2095,328,4
2096,328,5
2097,323,2
2098,323,3
2099,339,6
2100,339,1
2101,339,2
2102,339,3
2103,337,6
2104,337,1
2105,337,2
2106,337,3
2107,338,6
2108,338,1
2109,338,2
2110,338,3
2111,336,6
2112,330,1
2113,330,2
2114,330,3
2115,330,4
2116,330,5
2117,329,1
2118,329,2
2119,329,3
2120,329,4
2121,329,5
2122,342,1
2123,342,2
2124,342,3
2125,342,4
2126,324,1
2127,324,2
2128,324,3
2129,324,4
2130,326,1
2131,326,2
2132,326,3
2133,346,6
2134,346,4
2135,331,1
2136,331,2
2137,331,3
2138,331,5
2139,343,1
2140,343,2
2141,343,3
2142,343,4
2143,345,6
2144,345,1
2145,345,2
2146,345,3
2147,345,4
2148,344,6
2149,344,1
2150,344,2
2151,344,3
2152,344,4
2153,335,6
2154,335,1
2155,335,2
2156,335,3
2157,335,4
2158,341,6
2159,341,1
2160,341,2
2161,341,3
2162,341,4
2163,370,6
2164,370,1
2165,370,2
2166,370,3
2167,370,4
2168,372,1
2169,372,2
2170,372,3
2171,350,6
2172,360,6
2173,360,1
2174,360,3
2175,360,4
2176,361,6
2177,361,1
2178,361,3
2179,361,4
2180,359,1
2181,359,2
2182,359,3
2183,357,6
2184,357,1
2185,357,2
2186,357,3
2187,357,4
2188,356,6
2189,356,1
2190,356,2
2191,356,3
2192,356,4
2193,358,1
2194,358,2
2195,358,3
2196,358,4
2197,355,1
2198,355,2
2199,355,3
2200,373,6
2201,373,1
2202,373,2
2203,373,3
2204,373,4
2205,371,1
2206,371,2
2207,371,3
2208,371,4
2209,371,5
2210,354,1
2211,354,2
2212,354,3
2213,366,1
2214,366,2
2215,366,3
2216,352,6
2217,351,1
2218,351,2
2219,351,3
2220,353,1
2221,353,2
2222,353,3
2223,362,6
2224,362,1
2225,362,2
2226,362,3
2227,368,1
2228,368,2
2229,368,3
2230,364,1
2231,364,2
2232,364,3
2233,364,4
2234,365,1
2235,365,2
2236,365,3
2237,363,1
2238,363,2
2239,363,3
2240,363,4
2241,367,1
2242,367,2
2243,367,3
2244,369,1
2245,369,2
2246,369,3
2247,369,4
2248,369,5
2249,370,6
2250,370,1
2251,370,2
2252,370,3
2253,370,4
2254,372,1
2255,372,2
2256,372,3
2257,350,6
2258,360,6
2259,360,1
2260,360,3
2261,360,4
2262,361,6
2263,361,1
2264,361,3
2265,361,4
2266,359,1
2267,359,2
2268,359,3
2269,357,6
2270,357,1
2271,357,2
2272,357,3
2273,357,4
2274,356,6
2275,356,1
2276,356,2
2277,356,3
2278,356,4
2279,358,1
2280,358,2
2281,358,3
2282,358,4
2283,355,1
2284,355,2
2285,355,3
2286,373,6
2287,373,1
2288,373,2
2289,373,3
2290,373,4
2291,371,1
2292,371,2
2293,371,3
2294,371,4
2295,371,5
2296,354,1
2297,354,2
2298,354,3
2299,366,1
2300,366,2
2301,366,3
2302,352,6
2303,351,1
2304,351,2
2305,351,3
2306,353,1
2307,353,2
2308,353,3
2309,362,6
2310,362,1
2311,362,2
2312,362,3
2313,368,1
2314,368,2
2315,368,3
2316,364,1
2317,364,2
2318,364,3
2319,364,4
2320,365,1
2321,365,2
2322,365,3
2323,363,1
2324,363,2
2325,363,3
2326,363,4
2327,367,1
2328,367,2
2329,367,3
2330,369,1
2331,369,2
2332,369,3
2333,369,4
2334,369,5
2335,381,1
2336,381,2
2337,381,3
2338,388,1
2339,388,2
2340,388,3
2341,388,4
2342,389,1
2343,389,2
2344,389,3
2345,389,4
2346,392,1
2347,392,2
2348,392,3
2349,392,4
2350,384,1
2351,384,2
2352,384,3
2353,384,4
2354,386,1
2355,386,2
2356,386,3
2357,386,4
2358,387,1
2359,387,2
2360,387,3
2361,387,4
2362,377,1
2363,377,2
2364,377,3
2365,377,4
2366,377,5
2367,375,6
2368,375,1
2369,375,2
2370,375,3
2371,391,1
2372,391,2
2373,391,3
2374,391,4
2375,390,1
2376,390,2
2377,390,3
2378,390,4
2379,385,1
2380,385,2
2381,385,3
2382,385,4
2383,394,1
2384,394,2
2385,394,3
2386,399,1
2387,399,2
2388,399,3
2389,383,6
2390,383,1
2391,383,2
2392,383,3
2393,398,1
2394,398,2
2395,398,3
2396,398,4
2397,398,5
2398,376,6
2399,376,1
2400,376,2
2401,376,3
2402,376,4
2403,374,6
2404,374,1
2405,374,2
2406,374,3
2407,374,4
2408,400,1
2409,400,2
2410,400,3
2411,382,1
2412,382,2
2413,382,3
2414,395,6
2415,393,1
2416,393,2
2417,393,3
2418,381,1
2419,381,2
2420,381,3
2421,388,1
2422,388,2
2423,388,3
2424,388,4
2425,389,1
2426,389,2
2427,389,3
2428,389,4
2429,392,1
2430,392,2
2431,392,3
2432,392,4
2433,384,1
2434,384,2
2435,384,3
2436,384,4
2437,386,1
2438,386,2
2439,386,3
2440,386,4
2441,387,1
2442,387,2
2443,387,3
2444,387,4
2445,377,1
2446,377,2
2447,377,3
2448,377,4
2449,377,5
2450,375,6
2451,375,1
2452,375,2
2453,375,3
2454,391,1
2455,391,2
2456,391,3
2457,391,4
2458,390,1
2459,390,2
2460,390,3
2461,390,4
2462,385,1
2463,385,2
2464,385,3
2465,385,4
2466,394,1
2467,394,2
2468,394,3
2469,399,1
2470,399,2
2471,399,3
2472,383,6
2473,383,1
2474,383,2
2475,383,3
2476,398,1
2477,398,2
2478,398,3
2479,398,4
2480,398,5
2481,376,6
2482,376,1
2483,376,2
2484,376,3
2485,376,4
2486,374,6
2487,374,1
2488,374,2
2489,374,3
2490,374,4
2491,400,1
2492,400,2
2493,400,3
2494,382,1
2495,382,2
2496,382,3
2497,395,6
2498,393,1
2499,393,2
2500,393,3
2501,423,6
2502,423,1
2503,423,2
2504,423,3
2505,405,6
2506,405,1
2507,405,2
2508,405,3
2509,413,6
2510,413,1
2511,413,2
2512,413,3
2513,412,6
2514,412,1
2515,412,2
2516,412,3
2517,412,4
2518,420,6
2519,410,1
2520,410,2
2521,410,3
2522,409,1
2523,409,2
2524,409,3
2525,409,4
2526,419,6
2527,419,1
2528,419,2
2529,419,3
2530,419,4
2531,417,6
2532,417,1
2533,417,2
2534,417,3
2535,406,1
2536,406,2
2537,406,3
2538,406,4
2539,406,5
2540,421,6
2541,421,1
2542,421,2
2543,421,3
2544,421,4
2545,402,6
2546,402,1
2547,402,2
2548,402,3
2549,400,6
2550,411,1
2551,411,2
2552,411,3
2553,401,4
2554,414,4
2555,408,6
2556,404,1
2557,404,2
2558,404,3
2559,424,1
2560,424,2
2561,424,3
2562,407,6
2563,407,1
2564,407,2
2565,407,3
2566,407,4
2567,426,1
2568,426,2
2569,426,3
2570,426,4
2571,418,6
2572,418,1
2573,418,2
2574,418,3
2575,418,4
2576,423,6
2577,423,1
2578,423,2
2579,423,3
2580,405,6
2581,405,1
2582,405,2
2583,405,3
2584,413,6
2585,413,1
2586,413,2
2587,413,3
2588,412,6
2589,412,1
2590,412,2
2591,412,3
2592,412,4
2593,420,6
2594,410,1
2595,410,2
2596,410,3
2597,409,1
2598,409,2
2599,409,3
2600,409,4
2601,419,6
2602,419,1
2603,419,2
2604,419,3
2605,419,4
2606,417,6
2607,417,1
2608,417,2
2609,417,3
2610,406,1
2611,406,2
2612,406,3
2613,406,4
2614,406,5
2615,421,6
2616,421,1
2617,421,2
2618,421,3
2619,421,4
2620,402,6
2621,402,1
2622,402,2
2623,402,3
2624,400,6
2625,411,1
2626,411,2
2627,411,3
2628,401,4
2629,414,4
2630,408,6
2631,404,1
2632,404,2
2633,404,3
2634,424,1
2635,424,2
2636,424,3
2637,407,6
2638,407,1
2639,407,2
2640,407,3
2641,407,4
2642,426,1
2643,426,2
2644,426,3
2645,426,4
2646,418,6
2647,418,1
2648,418,2
2649,418,3
2650,418,4
2651,432,1
2652,432,2
2653,432,3
2654,432,4
2655,431,1
2656,431,3
2657,431,4
2658,430,6
2659,430,1
2660,430,2
2661,430,3
2662,430,4
2663,452,1
2664,452,2
2665,452,3
2666,435,4
2667,435,5
2668,451,1
2669,451,2
2670,451,3
2671,451,4
2672,433,4
2673,433,5
2674,445,6
2675,445,1
2676,445,2
2677,445,3
2678,445,4
2679,429,6
2680,429,1
2681,429,2
2682,429,3
2683,442,1
2684,442,2
2685,442,3
2686,446,1
2687,446,2
2688,446,3
2689,446,4
2690,446,5
2691,444,6
2692,444,1
2693,444,2
2694,444,3
2695,436,4
2696,439,6
2697,439,1
2698,439,2
2699,439,3
2700,439,4
2701,449,1
2702,449,2
2703,449,3
2704,450,1
2705,450,2
2706,450,3
2707,427,6
2708,427,1
2709,427,2
2710,427,3
2711,441,6
2712,441,1
2713,441,2
2714,441,3
2715,437,1
2716,437,2
2717,437,3
2718,437,4
2719,434,1
2720,448,6
2721,448,1
2722,448,2
2723,448,3
2724,448,4
2725,432,1
2726,432,2
2727,432,3
2728,432,4
2729,431,1
2730,431,3
2731,431,4
2732,430,6
2733,430,1
2734,430,2
2735,430,3
2736,430,4
2737,452,1
2738,452,2
2739,452,3
2740,435,4
2741,435,5
2742,451,1
2743,451,2
2744,451,3
2745,451,4
2746,433,4
2747,433,5
2748,445,6
2749,445,1
2750,445,2
2751,445,3
2752,445,4
2753,429,6
2754,429,1
2755,429,2
2756,429,3
2757,442,1
2758,442,2
2759,442,3
2760,446,1
2761,446,2
2762,446,3
2763,446,4
2764,446,5
2765,444,6
2766,444,1
2767,444,2
2768,444,3
2769,436,4
2770,439,6
2771,439,1
2772,439,2
2773,439,3
2774,439,4
2775,449,1
2776,449,2
2777,449,3
2778,450,1
2779,450,2
2780,450,3
2781,427,6
2782,427,1
2783,427,2
2784,427,3
2785,441,6
2786,441,1
2787,441,2
2788,441,3
2789,437,1
2790,437,2
2791,437,3
2792,437,4
2793,434,1
2794,448,6
2795,448,1
2796,448,2
2797,448,3
2798,448,4
2799,452,6
2800,452,4
2801,474,6
2802,474,1
2803,474,2
2804,474,3
2805,474,4
2806,458,1
2807,458,2
2808,458,3
2809,453,6
2810,453,1
2811,453,2
2812,453,3
2813,453,4
2814,463,6
2815,463,1
2816,463,2
2817,463,3
2818,462,6
2819,462,1
2820,462,2
2821,462,3
2822,465,6
2823,465,1
2824,465,2
2825,465,3
2826,466,6
2827,466,1
2828,466,2
2829,466,3
2830,469,6
2831,469,1
2832,469,2
2833,469,3
2834,470,1
2835,470,2
2836,470,3
2837,470,4
2838,470,5
2839,472,1
2840,472,2
2841,472,3
2842,472,4
2843,472,5
2844,455,1
2845,455,2
2846,455,3
2847,455,4
2848,454,1
2849,454,2
2850,454,3
2851,454,4
2852,471,6
2853,471,1
2854,471,2
2855,471,3
2856,464,6
2857,464,1
2858,464,2
2859,464,3
2860,457,1
2861,457,2
2862,457,3
2863,459,1
2864,459,2
2865,459,3
2866,456,1
2867,456,2
2868,456,3
2869,461,1
2870,461,2
2871,461,3
2872,460,1
2873,460,2
2874,460,3
2875,473,1
2876,473,2
2877,473,3
2878,475,4
2879,475,5
2880,476,1
2881,476,2
2882,452,6
2883,452,4
2884,474,6
2885,474,1
2886,474,2
2887,474,3
2888,474,4
2889,458,1
2890,458,2
2891,458,3
2892,453,6
2893,453,1
2894,453,2
2895,453,3
2896,453,4
2897,463,6
2898,463,1
2899,463,2
2900,463,3
2901,462,6
2902,462,1
2903,462,2
2904,462,3
2905,465,6
2906,465,1
2907,465,2
2908,465,3
2909,466,6
2910,466,1
2911,466,2
2912,466,3
2913,469,6
2914,469,1
2915,469,2
2916,469,3
2917,470,1
2918,470,2
2919,470,3
2920,470,4
2921,470,5
2922,472,1
2923,472,2
2924,472,3
2925,472,4
2926,472,5
2927,455,1
2928,455,2
2929,455,3
2930,455,4
2931,454,1
2932,454,2
2933,454,3
2934,454,4
2935,471,6
2936,471,1
2937,471,2
2938,471,3
2939,464,6
2940,464,1
2941,464,2
2942,464,3
2943,457,1
2944,457,2
2945,457,3
2946,459,1
2947,459,2
2948,459,3
2949,456,1
2950,456,2
2951,456,3
2952,461,1
2953,461,2
2954,461,3
2955,460,1
2956,460,2
2957,460,3
2958,473,1
2959,473,2
2960,473,3
2961,475,4
2962,475,5
2963,476,1
2964,476,2
2965,484,1
2966,484,2
2967,484,3
2968,483,1
2969,483,2
2970,483,3
2971,483,4
2972,482,6
2973,493,6
2974,493,1
2975,493,2
2976,493,3
2977,493,4
2978,480,1
2979,480,2
2980,480,3
2981,480,4
2982,479,6
2983,479,1
2984,479,2
2985,479,3
2986,479,4
2987,488,6
2988,488,1
2989,488,2
2990,488,3
2991,481,6
2992,481,1
2993,481,2
2994,481,3
2995,492,6
2996,489,6
2997,489,1
2998,489,2
2999,489,3
3000,489,4
3001,486,6
3002,486,1
3003,486,2
3004,486,3
3005,487,6
3006,487,1
3007,487,2
3008,487,3
3009,487,4
3010,496,1
3011,496,3
3012,496,4
3013,485,6
3014,485,1
3015,485,2
3016,485,3
3017,500,1
3018,478,6
3019,478,1
3020,478,2
3021,478,3
3022,478,4
3023,498,6
3024,498,1
3025,498,2
3026,498,3
3027,499,6
3028,499,1
3029,499,2
3030,499,3
3031,497,6
3032,497,1
3033,497,2
3034,497,3
3035,491,1
3036,491,2
3037,491,3
3038,490,1
3039,490,2
3040,490,3
3041,490,4
3042,477,6
3043,477,1
3044,477,2
3045,477,3
3046,477,4
3047,476,3
3048,476,4
3049,494,1
3050,494,2
3051,494,3
3052,495,1
3053,495,2
3054,495,3
3055,484,1
3056,484,2
3057,484,3
3058,483,1
3059,483,2
3060,483,3
3061,483,4
3062,482,6
3063,493,6
3064,493,1
3065,493,2
3066,493,3
3067,493,4
3068,480,1
3069,480,2
3070,480,3
3071,480,4
3072,479,6
3073,479,1
3074,479,2
3075,479,3
3076,479,4
3077,488,6
3078,488,1
3079,488,2
3080,488,3
3081,481,6
3082,481,1
3083,481,2
3084,481,3
3085,492,6
3086,489,6
3087,489,1
3088,489,2
3089,489,3
3090,489,4
3091,486,6
3092,486,1
3093,486,2
3094,486,3
3095,487,6
3096,487,1
3097,487,2
3098,487,3
3099,487,4
3100,496,1
3101,496,3
3102,496,4
3103,485,6
3104,485,1
3105,485,2
3106,485,3
3107,500,1
3108,478,6
3109,478,1
3110,478,2
3111,478,3
3112,478,4
3113,498,6
3114,498,1
3115,498,2
3116,498,3
3117,499,6
3118,499,1
3119,499,2
3120,499,3
3121,497,6
3122,497,1
3123,497,2
3124,497,3
3125,491,1
3126,491,2
3127,491,3
3128,490,1
3129,490,2
3130,490,3
3131,490,4
3132,477,6
3133,477,1
3134,477,2
3135,477,3
3136,477,4
3137,476,3
3138,476,4
3139,494,1
3140,494,2
3141,494,3
3142,495,1
3143,495,2
3144,495,3
3145,514,4
3146,502,1
3147,502,2
3148,502,3
3149,502,4
3150,507,4
3151,507,5
3152,506,6
3153,506,1
3154,506,2
3155,506,3
3156,511,1
3157,511,2
3158,511,3
3159,511,4
3160,518,1
3161,518,2
3162,518,3
3163,522,1
3164,522,2
3165,522,3
3166,522,4
3167,522,5
3168,520,1
3169,520,2
3170,520,3
3171,520,4
3172,521,1
3173,521,2
3174,521,3
3175,521,4
3176,516,1
3177,516,2
3178,516,3
3179,500,2
3180,500,3
3181,500,4
3182,504,6
3183,504,1
3184,504,2
3185,504,3
3186,523,1
3187,523,2
3188,523,3
3189,523,4
3190,523,5
3191,512,6
3192,512,1
3193,512,2
3194,512,3
3195,508,1
3196,508,2
3197,508,3
3198,508,4
3199,505,1
3200,505,2
3201,505,3
3202,515,1
3203,515,2
3204,515,3
3205,519,1
3206,519,2
3207,519,3
3208,519,4
3209,519,5
3210,517,1
3211,517,2
3212,517,3
3213,517,4
3214,517,5
3215,510,1
3216,510,2
3217,510,3
3218,510,4
3219,510,5
3220,503,4
3221,503,5
3222,513,1
3223,513,2
3224,513,3
3225,501,6
3226,501,1
3227,501,2
3228,501,3
3229,501,4
3230,509,1
3231,509,2
3232,509,3
3233,509,4
3234,514,4
3235,502,1
3236,502,2
3237,502,3
3238,502,4
3239,507,4
3240,507,5
3241,506,6
3242,506,1
3243,506,2
3244,506,3
3245,511,1
3246,511,2
3247,511,3
3248,511,4
3249,518,1
3250,518,2
3251,518,3
3252,522,1
3253,522,2
3254,522,3
3255,522,4
3256,522,5
3257,520,1
3258,520,2
3259,520,3
3260,520,4
3261,521,1
3262,521,2
3263,521,3
3264,521,4
3265,516,1
3266,516,2
3267,516,3
3268,500,2
3269,500,3
3270,500,4
3271,504,6
3272,504,1
3273,504,2
3274,504,3
3275,523,1
3276,523,2
3277,523,3
3278,523,4
3279,523,5
3280,512,6
3281,512,1
3282,512,2
3283,512,3
3284,508,1
3285,508,2
3286,508,3
3287,508,4
3288,505,1
3289,505,2
3290,505,3
3291,515,1
3292,515,2
3293,515,3
3294,519,1
3295,519,2
3296,519,3
3297,519,4
3298,519,5
3299,517,1
3300,517,2
3301,517,3
3302,517,4
3303,517,5
3304,510,1
3305,510,2
3306,510,3
3307,510,4
3308,510,5
3309,503,4
3310,503,5
3311,513,1
3312,513,2
3313,513,3
3314,501,6
3315,501,1
3316,501,2
3317,501,3
3318,501,4
3319,509,1
3320,509,2
3321,509,3
3322,509,4
3323,527,1
3324,527,2
3325,527,3
3326,527,4
3327,527,5
3328,547,6
3329,547,1
3330,547,2
3331,547,3
3332,547,4
3333,546,1
3334,546,2
3335,546,3
3336,525,1
3337,525,2
3338,525,3
3339,525,4
3340,525,5
3341,526,1
3342,526,2
3343,526,3
3344,526,4
3345,529,6
3346,529,1
3347,529,2
3348,529,3
3349,529,4
3350,545,1
3351,545,2
3352,545,3
3353,544,1
3354,544,2
3355,544,3
3356,543,1
3357,543,2
3358,543,3
3359,537,1
3360,537,2
3361,537,3
3362,536,1
3363,536,2
3364,536,3
3365,535,1
3366,535,2
3367,535,3
3368,538,1
3369,538,2
3370,538,3
3371,533,1
3372,533,2
3373,533,3
3374,532,1
3375,532,2
3376,532,3
3377,540,1
3378,540,2
3379,540,3
3380,534,1
3381,534,2
3382,534,3
3383,541,1
3384,541,2
3385,541,3
3386,539,1
3387,539,2
3388,539,3
3389,542,1
3390,542,2
3391,542,3
3392,531,1
3393,531,2
3394,531,3
3395,524,1
3396,524,2
3397,524,3
3398,524,4
3399,524,5
3400,528,1
3401,528,2
3402,528,3
3403,528,4
3404,528,5
3405,527,1
3406,527,2
3407,527,3
3408,527,4
3409,527,5
3410,547,6
3411,547,1
3412,547,2
3413,547,3
3414,547,4
3415,546,1
3416,546,2
3417,546,3
3418,525,1
3419,525,2
3420,525,3
3421,525,4
3422,525,5
3423,526,1
3424,526,2
3425,526,3
3426,526,4
3427,529,6
3428,529,1
3429,529,2
3430,529,3
3431,529,4
3432,545,1
3433,545,2
3434,545,3
3435,544,1
3436,544,2
3437,544,3
3438,543,1
3439,543,2
3440,543,3
3441,537,1
3442,537,2
3443,537,3
3444,536,1
3445,536,2
3446,536,3
3447,535,1
3448,535,2
3449,535,3
3450,538,1
3451,538,2
3452,538,3
3453,533,1
3454,533,2
3455,533,3
3456,532,1
3457,532,2
3458,532,3
3459,540,1
3460,540,2
3461,540,3
3462,534,1
3463,534,2
3464,534,3
3465,541,1
3466,541,2
3467,541,3
3468,539,1
3469,539,2
3470,539,3
3471,542,1
3472,542,2
3473,542,3
3474,531,1
3475,531,2
3476,531,3
3477,524,1
3478,524,2
3479,524,3
3480,524,4
3481,524,5
3482,528,1
3483,528,2
3484,528,3
3485,528,4
3486,528,5
3487,549,1
3488,549,2
3489,549,3
3490,549,4
3491,549,5
3492,560,6
3493,560,1
3494,560,2
3495,560,3
3496,560,4
3497,567,1
3498,567,2
3499,567,3
3500,550,4
3501,550,5
3502,568,1
3503,568,2
3504,568,3
3505,559,1
3506,559,2
3507,559,3
3508,559,4
3509,566,1
3510,566,2
3511,566,3
3512,565,6
3513,564,1
3514,564,2
3515,564,3
3516,569,6
3517,571,6
3518,570,6
3519,557,6
3520,556,6
3521,555,6
3522,554,6
3523,552,6
3524,561,1
3525,561,2
3526,561,3
3527,563,4
3528,548,6
3529,548,1
3530,549,1
3531,549,2
3532,549,3
3533,549,4
3534,549,5
3535,560,6
3536,560,1
3537,560,2
3538,560,3
3539,560,4
3540,567,1
3541,567,2
3542,567,3
3543,550,4
3544,550,5
3545,568,1
3546,568,2
3547,568,3
3548,559,1
3549,559,2
3550,559,3
3551,559,4
3552,566,1
3553,566,2
3554,566,3
3555,565,6
3556,564,1
3557,564,2
3558,564,3
3559,569,6
3560,571,6
3561,570,6
3562,557,6
3563,556,6
3564,555,6
3565,554,6
3566,552,6
3567,561,1
3568,561,2
3569,561,3
3570,563,4
3571,548,6
3572,548,1
3573,575,1
3574,575,2
3575,575,3
3576,575,4
3577,590,6
3578,590,1
3579,590,2
3580,590,3
3581,590,4
3582,581,1
3583,581,2
3584,581,3
3585,586,1
3586,586,2
3587,586,3
3588,586,4
3589,577,1
3590,577,2
3591,577,3
3592,583,1
3593,583,2
3594,583,3
3595,583,4
3596,576,1
3597,576,2
3598,576,3
3599,580,1
3600,580,2
3601,580,3
3602,593,6
3603,593,1
3604,593,3
3605,592,6
3606,592,1
3607,592,2
3608,592,3
3609,579,6
3610,579,1
3611,579,2
3612,579,3
3613,591,6
3614,591,1
3615,591,3
3616,595,6
3617,595,1
3618,595,2
3619,595,3
3620,596,1
3621,596,2
3622,596,3
3623,596,4
3624,572,6
3625,573,6
3626,597,1
3627,597,2
3628,597,3
3629,597,4
3630,582,1
3631,582,2
3632,582,3
3633,582,4
3634,582,5
3635,589,1
3636,589,2
3637,589,3
3638,589,4
3639,588,6
3640,588,1
3641,588,2
3642,588,3
3643,587,1
3644,587,2
3645,587,3
3646,575,1
3647,575,2
3648,575,3
3649,575,4
3650,590,6
3651,590,1
3652,590,2
3653,590,3
3654,590,4
3655,581,1
3656,581,2
3657,581,3
3658,586,1
3659,586,2
3660,586,3
3661,586,4
3662,577,1
3663,577,2
3664,577,3
3665,583,1
3666,583,2
3667,583,3
3668,583,4
3669,576,1
3670,576,2
3671,576,3
3672,580,1
3673,580,2
3674,580,3
3675,593,6
3676,593,1
3677,593,3
3678,592,6
3679,592,1
3680,592,2
3681,592,3
3682,579,6
3683,579,1
3684,579,2
3685,579,3
3686,591,6
3687,591,1
3688,591,3
3689,595,6
3690,595,1
3691,595,2
3692,595,3
3693,596,1
3694,596,2
3695,596,3
3696,596,4
3697,572,6
3698,573,6
3699,597,1
3700,597,2
3701,597,3
3702,597,4
3703,582,1
3704,582,2
3705,582,3
3706,582,4
3707,582,5
3708,589,1
3709,589,2
3710,589,3
3711,589,4
3712,588,6
3713,588,1
3714,588,2
3715,588,3
3716,587,1
3717,587,2
3718,587,3
3719,620,1
3720,620,2
3721,620,3
3722,600,6
3723,600,1
3724,600,2
3725,600,3
3726,600,4
3727,612,6
3728,612,1
3729,612,2
3730,612,3
3731,612,4
3732,607,1
3733,607,2
3734,607,3
3735,615,6
3736,615,1
3737,615,2
3738,615,3
3739,615,5
3740,617,6
3741,617,1
3742,617,2
3743,617,3
3744,616,6
3745,616,1
3746,616,2
3747,616,3
3748,616,5
3749,618,6
3750,618,1
3751,618,2
3752,618,3
3753,618,5
3754,622,1
3755,622,2
3756,622,3
3757,604,1
3758,604,2
3759,604,3
3760,604,4
3761,599,6
3762,606,6
3763,606,1
3764,606,3
3765,619,1
3766,619,2
3767,619,3
3768,609,6
3769,609,1
3770,609,2
3771,609,3
3772,602,1
3773,602,2
3774,602,3
3775,602,4
3776,601,1
3777,601,2
3778,601,3
3779,608,6
3780,608,1
3781,608,2
3782,608,3
3783,608,4
3784,621,6
3785,598,1
3786,598,2
3787,598,3
3788,598,4
3789,598,5
3790,610,6
3791,610,1
3792,610,3
3793,603,1
3794,603,2
3795,603,3
3796,603,4
3797,603,5
3798,620,1
3799,620,2
3800,620,3
3801,600,6
3802,600,1
3803,600,2
3804,600,3
3805,600,4
3806,612,6
3807,612,1
3808,612,2
3809,612,3
3810,612,4
3811,607,1
3812,607,2
3813,607,3
3814,615,6
3815,615,1
3816,615,2
3817,615,3
3818,615,5
3819,617,6
3820,617,1
3821,617,2
3822,617,3
3823,616,6
3824,616,1
3825,616,2
3826,616,3
3827,616,5
3828,618,6
3829,618,1
3830,618,2
3831,618,3
3832,618,5
3833,622,1
3834,622,2
3835,622,3
3836,604,1
3837,604,2
3838,604,3
3839,604,4
3840,599,6
3841,606,6
3842,606,1
3843,606,3
3844,619,1
3845,619,2
3846,619,3
3847,609,6
3848,609,1
3849,609,2
3850,609,3
3851,602,1
3852,602,2
3853,602,3
3854,602,4
3855,601,1
3856,601,2
3857,601,3
3858,608,6
3859,608,1
3860,608,2
3861,608,3
3862,608,4
3863,621,6
3864,598,1
3865,598,2
3866,598,3
3867,598,4
3868,598,5
3869,610,6
3870,610,1
3871,610,3
3872,603,1
3873,603,2
3874,603,3
3875,603,4
3876,603,5
3877,629,6
3878,629,1
3879,629,2
3880,629,3
3881,629,4
3882,640,4
3883,640,5
3884,622,4
3885,627,1
3886,627,2
3887,627,3
3888,626,1
3889,626,2
3890,626,3
3891,625,1
3892,625,2
3893,625,3
3894,625,4
3895,643,6
3896,643,1
3897,643,3
3898,645,6
3899,645,1
3900,645,2
3901,645,3
3902,645,4
3903,646,1
3904,636,6
3905,636,1
3906,636,2
3907,636,3
3908,630,1
3909,630,2
3910,630,3
3911,630,4
3912,630,5
3913,631,1
3914,631,2
3915,631,3
3916,631,4
3917,631,5
3918,635,6
3919,635,1
3920,635,2
3921,635,3
3922,623,6
3923,623,1
3924,623,3
3925,624,6
3926,637,6
3927,637,1
3928,637,2
3929,637,3
3930,637,4
3931,638,6
3932,638,1
3933,638,2
3934,638,3
3935,638,4
3936,639,6
3937,641,6
3938,641,1
3939,641,2
3940,641,3
3941,642,6
3942,642,1
3943,642,2
3944,642,3
3945,642,4
3946,629,6
3947,629,1
3948,629,2
3949,629,3
3950,629,4
3951,640,4
3952,640,5
3953,622,4
3954,627,1
3955,627,2
3956,627,3
3957,626,1
3958,626,2
3959,626,3
3960,625,1
3961,625,2
3962,625,3
3963,625,4
3964,643,6
3965,643,1
3966,643,3
3967,645,6
3968,645,1
3969,645,2
3970,645,3
3971,645,4
3972,646,1
3973,636,6
3974,636,1
3975,636,2
3976,636,3
3977,630,1
3978,630,2
3979,630,3
3980,630,4
3981,630,5
3982,631,1
3983,631,2
3984,631,3
3985,631,4
3986,631,5
3987,635,6
3988,635,1
3989,635,2
3990,635,3
3991,623,6
3992,623,1
3993,623,3
3994,624,6
3995,637,6
3996,637,1
3997,637,2
3998,637,3
3999,637,4
4000,638,6
4001,638,1
4002,638,2
4003,638,3
4004,638,4
4005,639,6
4006,641,6
4007,641,1
4008,641,2
4009,641,3
4010,642,6
4011,642,1
4012,642,2
4013,642,3
4014,642,4
4015,681,1
4016,681,2
4017,681,3
4018,669,1
4019,669,2
4020,669,3
4021,669,4
4022,686,1
4023,653,6
4024,653,1
4025,653,2
4026,653,3
4027,664,6
4028,664,1
4029,664,2
4030,664,3
4031,664,4
4032,646,6
4033,646,3
4034,672,1
4035,672,2
4036,672,3
4037,672,4
4038,672,5
4039,677,6
4040,677,1
4041,677,2
4042,677,3
4043,677,4
4044,675,1
4045,675,2
4046,675,3
4047,684,1
4048,684,2
4049,684,3
4050,684,5
4051,647,6
4052,647,1
4053,647,2
4054,647,3
4055,678,1
4056,678,2
4057,678,3
4058,678,4
4059,678,5
4060,680,6
4061,680,1
4062,680,2
4063,680,3
4064,682,6
4065,682,1
4066,682,2
4067,682,3
4068,682,4
4069,676,1
4070,676,2
4071,676,3
4072,676,4
4073,676,5
4074,679,1
4075,679,2
4076,679,3
4077,663,1
4078,663,2
4079,663,3
4080,663,4
4081,668,1
4082,668,2
4083,668,3
4084,674,1
4085,674,2
4086,674,3
4087,670,1
4088,670,2
4089,670,3
4090,683,4
4091,683,5
4092,673,1
4093,673,2
4094,673,3
4095,671,1
4096,671,2
4097,671,3
4098,681,1
4099,681,2
4100,681,3
4101,669,1
4102,669,2
4103,669,3
4104,669,4
4105,686,1
4106,653,6
4107,653,1
4108,653,2
4109,653,3
4110,664,6
4111,664,1
4112,664,2
4113,664,3
4114,664,4
4115,646,6
4116,646,3
4117,672,1
4118,672,2
4119,672,3
4120,672,4
4121,672,5
4122,677,6
4123,677,1
4124,677,2
4125,677,3
4126,677,4
4127,675,1
4128,675,2
4129,675,3
4130,684,1
4131,684,2
4132,684,3
4133,684,5
4134,647,6
4135,647,1
4136,647,2
4137,647,3
4138,678,1
4139,678,2
4140,678,3
4141,678,4
4142,678,5
4143,680,6
4144,680,1
4145,680,2
4146,680,3
4147,682,6
4148,682,1
4149,682,2
4150,682,3
4151,682,4
4152,676,1
4153,676,2
4154,676,3
4155,676,4
4156,676,5
4157,679,1
4158,679,2
4159,679,3
4160,663,1
4161,663,2
4162,663,3
4163,663,4
4164,668,1
4165,668,2
4166,668,3
4167,674,1
4168,674,2
4169,674,3
4170,670,1
4171,670,2
4172,670,3
4173,683,4
4174,683,5
4175,673,1
4176,673,2
4177,673,3
4178,671,1
4179,671,2
4180,671,3
4181,692,6
4182,692,1
4183,692,2
4184,692,3
4185,699,4
4186,699,5
4187,686,2
4188,686,3
4189,686,4
4190,702,1
4191,702,2
4192,702,3
4193,702,4
4194,693,1
4195,693,2
4196,693,3
4197,698,1
4198,698,2
4199,698,3
4200,698,4
4201,698,5
4202,707,6
4203,707,1
4204,707,2
4205,707,3
4206,710,6
4207,710,1
4208,710,2
4209,710,3
4210,691,6
4211,691,1
4212,691,3
4213,690,6
4214,705,1
4215,705,2
4216,705,3
4217,705,4
4218,706,1
4219,706,2
4220,706,3
4221,688,4
4222,687,1
4223,687,2
4224,687,3
4225,687,4
4226,695,6
4227,695,4
4228,697,4
4229,697,5
4230,689,1
4231,689,2
4232,689,3
4233,692,6
4234,692,1
4235,692,2
4236,692,3
4237,699,4
4238,699,5
4239,686,2
4240,686,3
4241,686,4
4242,702,1
4243,702,2
4244,702,3
4245,702,4
4246,693,1
4247,693,2
4248,693,3
4249,698,1
4250,698,2
4251,698,3
4252,698,4
4253,698,5
4254,707,6
4255,707,1
4256,707,2
4257,707,3
4258,710,6
4259,710,1
4260,710,2
4261,710,3
4262,691,6
4263,691,1
4264,691,3
4265,690,6
4266,705,1
4267,705,2
4268,705,3
4269,705,4
4270,706,1
4271,706,2
4272,706,3
4273,688,4
4274,687,1
4275,687,2
4276,687,3
4277,687,4
4278,695,6
4279,695,4
4280,697,4
4281,697,5
4282,689,1
4283,689,2
4284,689,3
4285,728,1
4286,728,2
4287,728,3
4288,728,4
4289,721,6
4290,721,1
4291,721,2
4292,721,3
4293,721,4
4294,717,6
4295,717,1
4296,717,2
4297,717,3
4298,717,4
4299,716,6
4300,716,1
4301,716,2
4302,716,3
4303,716,4
4304,715,6
4305,715,1
4306,715,3
4307,715,4
4308,727,6
4309,730,6
4310,730,1
4311,730,2
4312,730,3
4313,730,4
4314,733,6
4315,733,1
4316,733,2
4317,733,3
4318,733,4
4319,714,6
4320,714,1
4321,714,2
4322,714,3
4323,714,4
4324,726,6
4325,726,1
4326,726,2
4327,726,3
4328,726,4
4329,734,1
4330,734,2
4331,734,3
4332,734,4
4333,732,1
4334,732,2
4335,732,3
4336,731,6
4337,713,4
4338,712,1
4339,712,2
4340,712,3
4341,712,4
4342,711,6
4343,722,1
4344,722,2
4345,722,3
4346,722,4
4347,723,1
4348,723,2
4349,723,3
4350,724,1
4351,724,2
4352,724,3
4353,724,4
4354,725,1
4355,725,2
4356,725,3
4357,725,4
4358,725,5
4359,718,6
4360,718,1
4361,718,2
4362,718,3
4363,718,4
4364,719,6
4365,719,1
4366,719,2
4367,719,3
4368,719,4
4369,720,1
4370,720,2
4371,720,3
4372,720,4
4373,728,1
4374,728,2
4375,728,3
4376,728,4
4377,721,6
4378,721,1
4379,721,2
4380,721,3
4381,721,4
4382,717,6
4383,717,1
4384,717,2
4385,717,3
4386,717,4
4387,716,6
4388,716,1
4389,716,2
4390,716,3
4391,716,4
4392,715,6
4393,715,1
4394,715,3
4395,715,4
4396,727,6
4397,730,6
4398,730,1
4399,730,2
4400,730,3
4401,730,4
4402,733,6
4403,733,1
4404,733,2
4405,733,3
4406,733,4
4407,714,6
4408,714,1
4409,714,2
4410,714,3
4411,714,4
4412,726,6
4413,726,1
4414,726,2
4415,726,3
4416,726,4
4417,734,1
4418,734,2
4419,734,3
4420,734,4
4421,732,1
4422,732,2
4423,732,3
4424,731,6
4425,713,4
4426,712,1
4427,712,2
4428,712,3
4429,712,4
4430,711,6
4431,722,1
4432,722,2
4433,722,3
4434,722,4
4435,723,1
4436,723,2
4437,723,3
4438,724,1
4439,724,2
4440,724,3
4441,724,4
4442,725,1
4443,725,2
4444,725,3
4445,725,4
4446,725,5
4447,718,6
4448,718,1
4449,718,2
4450,718,3
4451,718,4
4452,719,6
4453,719,1
4454,719,2
4455,719,3
4456,719,4
4457,720,1
4458,720,2
4459,720,3
4460,720,4
4461,749,1
4462,749,2
4463,749,3
4464,749,4
4465,747,1
4466,747,2
4467,747,3
4468,747,4
4469,747,5
4470,757,6
4471,757,1
4472,757,2
4473,757,3
4474,757,4
4475,757,5
4476,758,6
4477,758,1
4478,758,2
4479,758,3
4480,758,4
4481,742,6
4482,742,1
4483,742,4
4484,742,5
4485,755,1
4486,743,6
4487,743,1
4488,743,4
4489,750,6
4490,750,1
4491,750,2
4492,750,3
4493,750,4
4494,754,1
4495,754,2
4496,754,3
4497,754,4
4498,739,1
4499,739,2
4500,739,3
4501,735,1
4502,735,2
4503,735,3
4504,741,6
4505,741,1
4506,741,2
4507,741,3
4508,741,4
4509,741,5
4510,760,6
4511,760,1
4512,760,2
4513,760,3
4514,760,4
4515,744,1
4516,744,2
4517,744,3
4518,745,1
4519,745,2
4520,745,3
4521,745,4
4522,746,1
4523,746,2
4524,746,3
4525,740,1
4526,740,2
4527,740,3
4528,740,4
4529,740,5
4530,737,1
4531,737,2
4532,737,3
4533,737,4
4534,738,1
4535,738,2
4536,738,3
4537,738,4
4538,751,6
4539,751,1
4540,751,2
4541,751,3
4542,751,4
4543,751,5
4544,752,6
4545,752,1
4546,752,2
4547,752,3
4548,752,4
4549,752,5
4550,753,6
4551,753,1
4552,753,2
4553,753,3
4554,753,4
4555,753,5
4556,749,1
4557,749,2
4558,749,3
4559,749,4
4560,747,1
4561,747,2
4562,747,3
4563,747,4
4564,747,5
4565,757,6
4566,757,1
4567,757,2
4568,757,3
4569,757,4
4570,757,5
4571,758,6
4572,758,1
4573,758,2
4574,758,3
4575,758,4
4576,742,6
4577,742,1
4578,742,4
4579,742,5
4580,755,1
4581,743,6
4582,743,1
4583,743,4
4584,750,6
4585,750,1
4586,750,2
4587,750,3
4588,750,4
4589,754,1
4590,754,2
4591,754,3
4592,754,4
4593,739,1
4594,739,2
4595,739,3
4596,735,1
4597,735,2
4598,735,3
4599,741,6
4600,741,1
4601,741,2
4602,741,3
4603,741,4
4604,741,5
4605,760,6
4606,760,1
4607,760,2
4608,760,3
4609,760,4
4610,744,1
4611,744,2
4612,744,3
4613,745,1
4614,745,2
4615,745,3
4616,745,4
4617,746,1
4618,746,2
4619,746,3
4620,740,1
4621,740,2
4622,740,3
4623,740,4
4624,740,5
4625,737,1
4626,737,2
4627,737,3
4628,737,4
4629,738,1
4630,738,2
4631,738,3
4632,738,4
4633,751,6
4634,751,1
4635,751,2
4636,751,3
4637,751,4
4638,751,5
4639,752,6
4640,752,1
4641,752,2
4642,752,3
4643,752,4
4644,752,5
4645,753,6
4646,753,1
4647,753,2
4648,753,3
4649,753,4
4650,753,5
4651,769,6
4652,769,1
4653,769,2
4654,769,3
4655,769,4
4656,769,5
4657,768,6
4658,768,1
4659,768,4
4660,767,6
4661,767,1
4662,767,2
4663,767,3
4664,767,4
4665,767,5
4666,766,6
4667,766,1
4668,766,2
4669,766,3
4670,766,4
4671,766,5
4672,773,6
4673,773,1
4674,773,2
4675,773,3
4676,773,4
4677,776,6
4678,776,1
4679,776,3
4680,774,1
4681,774,2
4682,774,3
4683,770,6
4684,770,3
4685,770,4
4686,781,6
4687,781,1
4688,781,2
4689,781,3
4690,781,4
4691,781,5
4692,778,6
4693,778,1
4694,778,3
4695,778,4
4696,785,1
4697,785,2
4698,785,3
4699,775,6
4700,775,1
4701,775,2
4702,775,3
4703,775,4
4704,775,5
4705,782,1
4706,782,2
4707,782,3
4708,782,4
4709,780,6
4710,780,1
4711,780,2
4712,780,3
4713,780,4
4714,780,5
4715,779,6
4716,779,1
4717,779,2
4718,779,3
4719,779,4
4720,779,5
4721,764,4
4722,771,6
4723,771,1
4724,771,2
4725,771,3
4726,771,4
4727,771,5
4728,777,6
4729,777,1
4730,777,2
4731,777,3
4732,777,4
4733,777,5
4734,769,6
4735,769,1
4736,769,2
4737,769,3
4738,769,4
4739,769,5
4740,768,6
4741,768,1
4742,768,4
4743,767,6
4744,767,1
4745,767,2
4746,767,3
4747,767,4
4748,767,5
4749,766,6
4750,766,1
4751,766,2
4752,766,3
4753,766,4
4754,766,5
4755,773,6
4756,773,1
4757,773,2
4758,773,3
4759,773,4
4760,776,6
4761,776,1
4762,776,3
4763,774,1
4764,774,2
4765,774,3
4766,770,6
4767,770,3
4768,770,4
4769,781,6
4770,781,1
4771,781,2
4772,781,3
4773,781,4
4774,781,5
4775,778,6
4776,778,1
4777,778,3
4778,778,4
4779,785,1
4780,785,2
4781,785,3
4782,775,6
4783,775,1
4784,775,2
4785,775,3
4786,775,4
4787,775,5
4788,782,1
4789,782,2
4790,782,3
4791,782,4
4792,780,6
4793,780,1
4794,780,2
4795,780,3
4796,780,4
4797,780,5
4798,779,6
4799,779,1
4800,779,2
4801,779,3
4802,779,4
4803,779,5
4804,764,4
4805,771,6
4806,771,1
4807,771,2
4808,771,3
4809,771,4
4810,771,5
4811,777,6
4812,777,1
4813,777,2
4814,777,3
4815,777,4
4816,777,5
4817,794,6
4818,794,1
4819,794,2
4820,794,3
4821,794,4
4822,794,5
4823,806,6
4824,806,1
4825,806,2
4826,806,3
4827,806,4
4828,806,5
4829,807,6
4830,807,1
4831,807,2
4832,807,3
4833,807,4
4834,807,5
4835,810,1
4836,810,3
4837,809,6
4838,809,1
4839,809,2
4840,809,3
4841,809,4
4842,809,5
4843,790,6
4844,790,1
4845,790,2
4846,790,3
4847,790,4
4848,790,5
4849,798,6
4850,798,1
4851,798,2
4852,798,3
4853,798,4
4854,798,5
4855,791,6
4856,791,1
4857,791,2
4858,791,3
4859,791,4
4860,791,5
4861,796,6
4862,796,1
4863,796,2
4864,796,3
4865,796,4
4866,796,5
4867,788,6
4868,788,1
4869,788,2
4870,788,3
4871,788,4
4872,788,5
4873,787,6
4874,787,1
4875,787,2
4876,787,3
4877,787,4
4878,787,5
4879,792,6
4880,792,1
4881,792,2
4882,792,3
4883,792,4
4884,792,5
4885,804,6
4886,804,1
4887,804,2
4888,804,3
4889,804,4
4890,800,6
4891,800,1
4892,800,2
4893,800,3
4894,800,4
4895,800,5
4896,789,6
4897,789,1
4898,789,2
4899,789,3
4900,789,4
4901,789,5
4902,785,6
4903,808,6
4904,808,1
4905,808,2
4906,808,3
4907,808,4
4908,808,5
4909,797,6
4910,797,1
4911,797,2
4912,797,3
4913,797,4
4914,797,5
4915,786,6
4916,786,1
4917,786,2
4918,786,3
4919,803,6
4920,803,1
4921,803,2
4922,803,3
4923,803,4
4924,802,6
4925,802,1
4926,802,2
4927,802,3
4928,802,4
4929,805,6
4930,805,1
4931,805,2
4932,805,3
4933,805,4
4934,805,5
4935,799,6
4936,799,1
4937,799,2
4938,799,3
4939,799,4
4940,799,5
4941,794,6
4942,794,1
4943,794,2
4944,794,3
4945,794,4
4946,794,5
4947,806,6
4948,806,1
4949,806,2
4950,806,3
4951,806,4
4952,806,5
4953,807,6
4954,807,1
4955,807,2
4956,807,3
4957,807,4
4958,807,5
4959,810,1
4960,810,3
4961,809,6
4962,809,1
4963,809,2
4964,809,3
4965,809,4
4966,809,5
4967,790,6
4968,790,1
4969,790,2
4970,790,3
4971,790,4
4972,790,5
4973,798,6
4974,798,1
4975,798,2
4976,798,3
4977,798,4
4978,798,5
4979,791,6
4980,791,1
4981,791,2
4982,791,3
4983,791,4
4984,791,5
4985,796,6
4986,796,1
4987,796,2
4988,796,3
4989,796,4
4990,796,5
4991,788,6
4992,788,1
4993,788,2
4994,788,3
4995,788,4
4996,788,5
4997,787,6
4998,787,1
4999,787,2
5000,787,3
5001,787,4
5002,787,5
5003,792,6
5004,792,1
5005,792,2
5006,792,3
5007,792,4
5008,792,5
5009,804,6
5010,804,1
5011,804,2
5012,804,3
5013,804,4
5014,800,6
5015,800,1
5016,800,2
5017,800,3
5018,800,4
5019,800,5
5020,789,6
5021,789,1
5022,789,2
5023,789,3
5024,789,4
5025,789,5
5026,785,6
5027,808,6
5028,808,1
5029,808,2
5030,808,3
5031,808,4
5032,808,5
5033,797,6
5034,797,1
5035,797,2
5036,797,3
5037,797,4
5038,797,5
5039,786,6
5040,786,1
5041,786,2
5042,786,3
5043,803,6
5044,803,1
5045,803,2
5046,803,3
5047,803,4
5048,802,6
5049,802,1
5050,802,2
5051,802,3
5052,802,4
5053,805,6
5054,805,1
5055,805,2
5056,805,3
5057,805,4
5058,805,5
5059,799,6
5060,799,1
5061,799,2
5062,799,3
5063,799,4
5064,799,5
5065,830,6
5066,830,1
5067,830,2
5068,830,3
5069,830,4
5070,810,6
5071,810,4
5072,810,5
5073,816,6
5074,816,1
5075,816,4
5076,816,5
5077,828,6
5078,828,1
5079,828,3
5080,828,4
5081,828,5
5082,811,6
5083,811,1
5084,811,2
5085,811,3
5086,811,4
5087,811,5
5088,818,6
5089,818,1
5090,818,3
5091,818,4
5092,818,5
5093,812,6
5094,812,1
5095,812,3
5096,812,4
5097,812,5
5098,813,6
5099,813,1
5100,813,2
5101,813,3
5102,813,4
5103,813,5
5104,827,4
5105,827,5
5106,817,6
5107,817,1
5108,817,3
5109,819,6
5110,819,1
5111,819,2
5112,819,3
5113,819,4
5114,819,5
5115,826,6
5116,826,1
5117,826,3
5118,826,4
5119,815,6
5120,815,1
5121,815,2
5122,815,3
5123,829,6
5124,829,1
5125,829,2
5126,829,3
5127,829,4
5128,829,5
5129,834,1
5130,834,2
5131,831,6
5132,831,1
5133,831,2
5134,831,3
5135,831,4
5136,831,5
5137,814,1
5138,814,2
5139,814,3
5140,814,4
5141,814,5
5142,830,6
5143,830,1
5144,830,2
5145,830,3
5146,830,4
5147,810,6
5148,810,4
5149,810,5
5150,816,6
5151,816,1
5152,816,4
5153,816,5
5154,828,6
5155,828,1
5156,828,3
5157,828,4
5158,828,5
5159,811,6
5160,811,1
5161,811,2
5162,811,3
5163,811,4
5164,811,5
5165,818,6
5166,818,1
5167,818,3
5168,818,4
5169,818,5
5170,812,6
5171,812,1
5172,812,3
5173,812,4
5174,812,5
5175,813,6
5176,813,1
5177,813,2
5178,813,3
5179,813,4
5180,813,5
5181,827,4
5182,827,5
5183,817,6
5184,817,1
5185,817,3
5186,819,6
5187,819,1
5188,819,2
5189,819,3
5190,819,4
5191,819,5
5192,826,6
5193,826,1
5194,826,3
5195,826,4
5196,815,6
5197,815,1
5198,815,2
5199,815,3
5200,829,6
5201,829,1
5202,829,2
5203,829,3
5204,829,4
5205,829,5
5206,834,1
5207,834,2
5208,831,6
5209,831,1
5210,831,2
5211,831,3
5212,831,4
5213,831,5
5214,814,1
5215,814,2
5216,814,3
5217,814,4
5218,814,5
5219,837,1
5220,837,4
5221,837,5
5222,838,1
5223,842,6
5224,842,1
5225,842,2
5226,842,3
5227,842,4
5228,842,5
5229,839,6
5230,839,1
5231,839,2
5232,839,3
5233,844,6
5234,844,1
5235,844,4
5236,852,6
5237,848,6
5238,848,1
5239,848,2
5240,848,3
5241,848,4
5242,850,6
5243,850,1
5244,850,3
5245,851,6
5246,851,1
5247,851,3
5248,847,6
5249,847,1
5250,847,2
5251,847,3
5252,847,4
5253,847,5
5254,853,1
5255,853,2
5256,854,6
5257,854,1
5258,854,2
5259,854,3
5260,854,4
5261,855,6
5262,855,1
5263,855,2
5264,855,3
5265,856,6
5266,856,1
5267,856,2
5268,856,3
5269,856,4
5270,856,5
5271,857,6
5272,857,1
5273,857,2
5274,857,3
5275,857,4
5276,858,1
5277,845,1
5278,846,6
5279,846,1
5280,846,3
5281,836,6
5282,836,1
5283,836,2
5284,836,3
5285,836,4
5286,836,5
5287,835,6
5288,835,1
5289,835,2
5290,835,3
5291,835,4
5292,835,5
5293,834,6
5294,834,3
5295,834,4
5296,834,5
5297,837,1
5298,837,4
5299,837,5
5300,838,1
5301,842,6
5302,842,1
5303,842,2
5304,842,3
5305,842,4
5306,842,5
5307,839,6
5308,839,1
5309,839,2
5310,839,3
5311,844,6
5312,844,1
5313,844,4
5314,852,6
5315,848,6
5316,848,1
5317,848,2
5318,848,3
5319,848,4
5320,850,6
5321,850,1
5322,850,3
5323,851,6
5324,851,1
5325,851,3
5326,847,6
5327,847,1
5328,847,2
5329,847,3
5330,847,4
5331,847,5
5332,853,1
5333,853,2
5334,854,6
5335,854,1
5336,854,2
5337,854,3
5338,854,4
5339,855,6
5340,855,1
5341,855,2
5342,855,3
5343,856,6
5344,856,1
5345,856,2
5346,856,3
5347,856,4
5348,856,5
5349,857,6
5350,857,1
5351,857,2
5352,857,3
5353,857,4
5354,858,1
5355,845,1
5356,846,6
5357,846,1
5358,846,3
5359,836,6
5360,836,1
5361,836,2
5362,836,3
5363,836,4
5364,836,5
5365,835,6
5366,835,1
5367,835,2
5368,835,3
5369,835,4
5370,835,5
5371,834,6
5372,834,3
5373,834,4
5374,834,5
5375,859,6
5376,859,1
5377,859,2
5378,859,3
5379,861,6
5380,861,1
5381,861,2
5382,861,3
5383,861,4
5384,863,6
5385,863,1
5386,863,2
5387,863,3
5388,863,4
5389,863,5
5390,864,6
5391,864,1
5392,864,2
5393,864,3
5394,864,4
5395,864,5
5396,866,6
5397,866,1
5398,866,2
5399,866,3
5400,866,4
5401,866,5
5402,867,6
5403,867,1
5404,867,3
5405,868,6
5406,868,1
5407,868,2
5408,868,3
5409,868,4
5410,868,5
5411,869,6
5412,869,1
5413,869,2
5414,869,3
5415,869,4
5416,870,6
5417,870,1
5418,870,2
5419,870,3
5420,870,4
5421,870,5
5422,871,6
5423,871,1
5424,871,2
5425,871,3
5426,872,6
5427,872,1
5428,872,2
5429,872,3
5430,873,1
5431,873,2
5432,874,1
5433,874,2
5434,874,3
5435,874,4
5436,875,1
5437,875,2
5438,875,3
5439,875,4
5440,876,6
5441,876,1
5442,876,2
5443,876,3
5444,876,4
5445,876,5
5446,877,1
5447,877,2
5448,877,3
5449,879,6
5450,879,1
5451,879,3
5452,879,4
5453,858,6
5454,858,2
5455,858,3
5456,858,4
5457,880,6
5458,880,1
5459,880,3
5460,880,4
5461,880,5
5462,881,6
5463,881,1
5464,881,3
5465,881,4
5466,878,6
5467,878,1
5468,878,2
5469,878,3
5470,878,4
5471,878,5
5472,859,6
5473,859,1
5474,859,2
5475,859,3
5476,861,6
5477,861,1
5478,861,2
5479,861,3
5480,861,4
5481,863,6
5482,863,1
5483,863,2
5484,863,3
5485,863,4
5486,863,5
5487,864,6
5488,864,1
5489,864,2
5490,864,3
5491,864,4
5492,864,5
5493,866,6
5494,866,1
5495,866,2
5496,866,3
5497,866,4
5498,866,5
5499,867,6
5500,867,1
5501,867,3
5502,868,6
5503,868,1
5504,868,2
5505,868,3
5506,868,4
5507,868,5
5508,869,6
5509,869,1
5510,869,2
5511,869,3
5512,869,4
5513,870,6
5514,870,1
5515,870,2
5516,870,3
5517,870,4
5518,870,5
5519,871,6
5520,871,1
5521,871,2
5522,871,3
5523,872,6
5524,872,1
5525,872,2
5526,872,3
5527,873,1
5528,873,2
5529,874,1
5530,874,2
5531,874,3
5532,874,4
5533,875,1
5534,875,2
5535,875,3
5536,875,4
5537,876,6
5538,876,1
5539,876,2
5540,876,3
5541,876,4
5542,876,5
5543,877,1
5544,877,2
5545,877,3
5546,879,6
5547,879,1
5548,879,3
5549,879,4
5550,858,6
5551,858,2
5552,858,3
5553,858,4
5554,880,6
5555,880,1
5556,880,3
5557,880,4
5558,880,5
5559,881,6
5560,881,1
5561,881,3
5562,881,4
5563,878,6
5564,878,1
5565,878,2
5566,878,3
5567,878,4
5568,878,5
5569,882,6
5570,882,1
5571,882,3
5572,882,5
5573,885,6
5574,885,1
5575,885,2
5576,885,3
5577,886,6
5578,886,1
5579,886,2
5580,886,3
5581,886,4
5582,886,5
5583,887,6
5584,887,1
5585,887,2
5586,887,3
5587,887,4
5588,887,5
5589,888,6
5590,888,1
5591,888,2
5592,888,3
5593,889,6
5594,889,1
5595,889,2
5596,889,3
5597,889,4
5598,889,5
5599,890,6
5600,890,1
5601,890,2
5602,890,3
5603,892,6
5604,892,1
5605,892,2
5606,892,3
5607,893,6
5608,893,1
5609,893,4
5610,895,1
5611,895,2
5612,895,3
5613,895,4
5614,896,1
5615,896,2
5616,896,3
5617,897,6
5618,897,1
5619,897,2
5620,897,3
5621,897,4
5622,898,6
5623,898,1
5624,898,2
5625,898,3
5626,898,4
5627,899,6
5628,899,1
5629,899,2
5630,899,3
5631,899,4
5632,900,6
5633,900,1
5634,900,2
5635,900,3
5636,900,4
5637,901,1
5638,901,2
5639,901,4
5640,894,1
5641,894,2
5642,894,3
5643,894,4
5644,902,1
5645,902,2
5646,902,3
5647,902,4
5648,903,1
5649,903,2
5650,903,3
5651,903,4
5652,903,5
5653,904,6
5654,904,1
5655,904,3
5656,904,4
5657,891,6
5658,891,1
5659,891,2
5660,891,3
5661,891,4
5662,891,5
5663,905,6
5664,905,1
5665,905,2
5666,905,3
5667,905,4
5668,905,5
5669,882,6
5670,882,1
5671,882,3
5672,882,5
5673,885,6
5674,885,1
5675,885,2
5676,885,3
5677,886,6
5678,886,1
5679,886,2
5680,886,3
5681,886,4
5682,886,5
5683,887,6
5684,887,1
5685,887,2
5686,887,3
5687,887,4
5688,887,5
5689,888,6
5690,888,1
5691,888,2
5692,888,3
5693,889,6
5694,889,1
5695,889,2
5696,889,3
5697,889,4
5698,889,5
5699,890,6
5700,890,1
5701,890,2
5702,890,3
5703,892,6
5704,892,1
5705,892,2
5706,892,3
5707,893,6
5708,893,1
5709,893,4
5710,895,1
5711,895,2
5712,895,3
5713,895,4
5714,896,1
5715,896,2
5716,896,3
5717,897,6
5718,897,1
5719,897,2
5720,897,3
5721,897,4
5722,898,6
5723,898,1
5724,898,2
5725,898,3
5726,898,4
5727,899,6
5728,899,1
5729,899,2
5730,899,3
5731,899,4
5732,900,6
5733,900,1
5734,900,2
5735,900,3
5736,900,4
5737,901,1
5738,901,2
5739,901,4
5740,894,1
5741,894,2
5742,894,3
5743,894,4
5744,902,1
5745,902,2
5746,902,3
5747,902,4
5748,903,1
5749,903,2
5750,903,3
5751,903,4
5752,903,5
5753,904,6
5754,904,1
5755,904,3
5756,904,4
5757,891,6
5758,891,1
5759,891,2
5760,891,3
5761,891,4
5762,891,5
5763,905,6
5764,905,1
5765,905,2
5766,905,3
5767,905,4
5768,905,5
5769,907,6
5770,907,1
5771,907,2
5772,907,3
5773,907,4
5774,907,5
5775,1024,6
5776,1024,1
5777,1024,2
5778,1024,3
5779,1024,4
5780,1024,5
5781,1025,6
5782,1025,1
5783,1025,3
5784,1025,4
5785,907,6
5786,907,1
5787,907,2
5788,907,3
5789,907,4
5790,907,5
5791,1024,6
5792,1024,1
5793,1024,2
5794,1024,3
5795,1024,4
5796,1024,5
5797,1025,6
5798,1025,1
5799,1025,3
5800,1025,4
