id,bsf_scheme_id,bsf_stage_id
1,9,2
2,9,3
3,26,3
4,25,3
5,8,3
6,33,2
7,33,3
8,1,1
9,1,2
10,1,3
11,30,1
12,30,2
13,30,3
14,24,2
15,24,3
16,23,3
17,22,2
18,22,3
19,14,1
20,14,2
21,14,3
22,12,3
23,5,2
24,5,3
25,15,1
26,15,2
27,15,3
28,17,1
29,17,2
30,17,3
31,32,2
32,32,3
33,18,3
34,16,3
35,19,3
36,27,2
37,27,3
38,6,3
39,3,2
40,3,3
41,7,1
42,7,2
43,2,2
44,2,3
45,31,3
46,35,1
47,34,3
48,28,2
49,28,3
50,11,2
51,11,3
52,21,2
53,21,3
54,10,1
55,10,2
56,10,3
57,29,1
58,29,2
59,29,3
60,20,2
61,20,3
62,4,2
63,4,3
64,9,2
65,9,3
66,26,3
67,25,3
68,8,3
69,33,2
70,33,3
71,1,1
72,1,2
73,1,3
74,30,1
75,30,2
76,30,3
77,24,2
78,24,3
79,23,3
80,22,2
81,22,3
82,14,1
83,14,2
84,14,3
85,12,3
86,5,2
87,5,3
88,15,1
89,15,2
90,15,3
91,17,1
92,17,2
93,17,3
94,32,2
95,32,3
96,18,3
97,16,3
98,19,3
99,27,2
100,27,3
101,6,3
102,3,2
103,3,3
104,7,1
105,7,2
106,2,2
107,2,3
108,31,3
109,35,1
110,34,3
111,28,2
112,28,3
113,11,2
114,11,3
115,21,2
116,21,3
117,10,1
118,10,2
119,10,3
120,29,1
121,29,2
122,29,3
123,20,2
124,20,3
125,4,2
126,4,3
127,50,1
128,50,2
129,50,3
130,37,2
131,37,3
132,45,2
133,45,3
134,39,2
135,39,3
136,38,2
137,38,3
138,49,3
139,48,3
140,42,1
141,40,2
142,40,3
143,44,2
144,44,3
145,43,2
146,43,3
147,69,1
148,69,2
149,69,3
150,70,1
151,70,2
152,70,3
153,57,2
154,57,3
155,67,3
156,60,1
157,60,2
158,60,3
159,51,2
160,51,3
161,52,2
162,52,3
163,53,2
164,53,3
165,59,2
166,59,3
167,54,2
168,54,3
169,56,1
170,74,2
171,74,3
172,46,1
173,46,2
174,46,3
175,75,1
176,75,2
177,75,3
178,66,2
179,66,3
180,61,2
181,61,3
182,62,2
183,62,3
184,36,1
185,36,2
186,36,3
187,72,1
188,72,2
189,72,3
190,73,1
191,73,2
192,73,3
193,47,2
194,47,3
195,71,2
196,71,3
197,50,1
198,50,2
199,50,3
200,37,2
201,37,3
202,45,2
203,45,3
204,39,2
205,39,3
206,38,2
207,38,3
208,49,3
209,48,3
210,42,1
211,40,2
212,40,3
213,44,2
214,44,3
215,43,2
216,43,3
217,69,1
218,69,2
219,69,3
220,70,1
221,70,2
222,70,3
223,57,2
224,57,3
225,67,3
226,60,1
227,60,2
228,60,3
229,51,2
230,51,3
231,52,2
232,52,3
233,53,2
234,53,3
235,59,2
236,59,3
237,54,2
238,54,3
239,56,1
240,74,2
241,74,3
242,46,1
243,46,2
244,46,3
245,75,1
246,75,2
247,75,3
248,66,2
249,66,3
250,61,2
251,61,3
252,62,2
253,62,3
254,36,1
255,36,2
256,36,3
257,72,1
258,72,2
259,72,3
260,73,1
261,73,2
262,73,3
263,47,2
264,47,3
265,71,2
266,71,3
267,100,2
268,100,3
269,98,1
270,98,2
271,98,3
272,77,2
273,77,3
274,104,2
275,104,3
276,107,2
277,107,3
278,88,2
279,88,3
280,90,1
281,90,2
282,90,3
283,76,2
284,78,1
285,78,2
286,79,1
287,79,2
288,91,3
289,81,2
290,81,3
291,109,1
292,109,2
293,84,3
294,83,2
295,83,3
296,92,1
297,92,2
298,96,2
299,96,3
300,97,2
301,97,3
302,105,2
303,105,3
304,94,3
305,108,1
306,108,2
307,108,3
308,86,2
309,86,3
310,87,1
311,87,2
312,110,1
313,103,2
314,93,2
315,93,3
316,102,2
317,102,3
318,99,1
319,99,2
320,101,2
321,101,3
322,95,2
323,95,3
324,106,1
325,106,2
326,106,3
327,89,2
328,89,3
329,85,2
330,85,3
331,82,2
332,82,3
333,100,2
334,100,3
335,98,1
336,98,2
337,98,3
338,77,2
339,77,3
340,104,2
341,104,3
342,107,2
343,107,3
344,88,2
345,88,3
346,90,1
347,90,2
348,90,3
349,76,2
350,78,1
351,78,2
352,79,1
353,79,2
354,91,3
355,81,2
356,81,3
357,109,1
358,109,2
359,84,3
360,83,2
361,83,3
362,92,1
363,92,2
364,96,2
365,96,3
366,97,2
367,97,3
368,105,2
369,105,3
370,94,3
371,108,1
372,108,2
373,108,3
374,86,2
375,86,3
376,87,1
377,87,2
378,110,1
379,103,2
380,93,2
381,93,3
382,102,2
383,102,3
384,99,1
385,99,2
386,101,2
387,101,3
388,95,2
389,95,3
390,106,1
391,106,2
392,106,3
393,89,2
394,89,3
395,85,2
396,85,3
397,82,2
398,82,3
399,129,1
400,131,2
401,131,3
402,111,1
403,111,2
404,111,3
405,112,2
406,112,3
407,123,2
408,123,3
409,119,1
410,119,2
411,119,3
412,138,2
413,138,3
414,137,2
415,137,3
416,115,2
417,115,3
418,116,2
419,116,3
420,117,1
421,117,2
422,117,3
423,132,2
424,132,3
425,130,2
426,130,3
427,134,2
428,134,3
429,141,2
430,141,3
431,136,2
432,136,3
433,127,2
434,127,3
435,118,2
436,118,3
437,113,2
438,113,3
439,139,2
440,139,3
441,122,2
442,122,3
443,144,2
444,144,3
445,110,2
446,143,2
447,143,3
448,140,2
449,140,3
450,125,2
451,125,3
452,121,2
453,121,3
454,124,3
455,133,2
456,133,3
457,135,2
458,135,3
459,128,1
460,128,2
461,128,3
462,126,1
463,126,2
464,126,3
465,142,2
466,142,3
467,114,1
468,114,2
469,114,3
470,129,1
471,131,2
472,131,3
473,111,1
474,111,2
475,111,3
476,112,2
477,112,3
478,123,2
479,123,3
480,119,1
481,119,2
482,119,3
483,138,2
484,138,3
485,137,2
486,137,3
487,115,2
488,115,3
489,116,2
490,116,3
491,117,1
492,117,2
493,117,3
494,132,2
495,132,3
496,130,2
497,130,3
498,134,2
499,134,3
500,141,2
501,141,3
502,136,2
503,136,3
504,127,2
505,127,3
506,118,2
507,118,3
508,113,2
509,113,3
510,139,2
511,139,3
512,122,2
513,122,3
514,144,2
515,144,3
516,110,2
517,143,2
518,143,3
519,140,2
520,140,3
521,125,2
522,125,3
523,121,2
524,121,3
525,124,3
526,133,2
527,133,3
528,135,2
529,135,3
530,128,1
531,128,2
532,128,3
533,126,1
534,126,2
535,126,3
536,142,2
537,142,3
538,114,1
539,114,2
540,114,3
541,152,2
542,152,3
543,173,3
544,175,1
545,151,1
546,150,2
547,149,2
548,149,3
549,160,2
550,160,3
551,167,3
552,145,2
553,145,3
554,147,2
555,147,3
556,170,2
557,170,3
558,155,3
559,161,2
560,161,3
561,165,1
562,165,2
563,165,3
564,164,1
565,164,2
566,164,3
567,162,1
568,162,2
569,162,3
570,166,1
571,166,2
572,166,3
573,163,2
574,163,3
575,174,2
576,174,3
577,171,2
578,171,3
579,177,2
580,177,3
581,146,1
582,154,1
583,154,2
584,153,2
585,153,3
586,172,2
587,172,3
588,159,3
589,158,2
590,158,3
591,157,2
592,157,3
593,156,2
594,156,3
595,169,2
596,169,3
597,148,1
598,176,1
599,176,2
600,176,3
601,168,2
602,168,3
603,152,2
604,152,3
605,173,3
606,175,1
607,151,1
608,150,2
609,149,2
610,149,3
611,160,2
612,160,3
613,167,3
614,145,2
615,145,3
616,147,2
617,147,3
618,170,2
619,170,3
620,155,3
621,161,2
622,161,3
623,165,1
624,165,2
625,165,3
626,164,1
627,164,2
628,164,3
629,162,1
630,162,2
631,162,3
632,166,1
633,166,2
634,166,3
635,163,2
636,163,3
637,174,2
638,174,3
639,171,2
640,171,3
641,177,2
642,177,3
643,146,1
644,154,1
645,154,2
646,153,2
647,153,3
648,172,2
649,172,3
650,159,3
651,158,2
652,158,3
653,157,2
654,157,3
655,156,2
656,156,3
657,169,2
658,169,3
659,148,1
660,176,1
661,176,2
662,176,3
663,168,2
664,168,3
665,184,2
666,184,3
667,198,1
668,188,2
669,188,3
670,178,1
671,178,2
672,178,3
673,203,1
674,203,2
675,203,3
676,210,3
677,209,3
678,207,2
679,207,3
680,197,2
681,197,3
682,201,3
683,206,2
684,206,3
685,179,2
686,179,3
687,187,1
688,187,2
689,187,3
690,200,2
691,205,1
692,205,2
693,205,3
694,183,1
695,199,3
696,186,1
697,186,2
698,186,3
699,189,1
700,189,2
701,189,3
702,196,2
703,196,3
704,194,2
705,194,3
706,195,2
707,195,3
708,190,2
709,190,3
710,208,2
711,185,1
712,185,2
713,185,3
714,191,1
715,191,2
716,191,3
717,192,2
718,192,3
719,202,2
720,202,3
721,204,2
722,204,3
723,182,2
724,182,3
725,180,1
726,180,2
727,180,3
728,193,2
729,193,3
730,181,1
731,181,2
732,181,3
733,184,2
734,184,3
735,198,1
736,188,2
737,188,3
738,178,1
739,178,2
740,178,3
741,203,1
742,203,2
743,203,3
744,210,3
745,209,3
746,207,2
747,207,3
748,197,2
749,197,3
750,201,3
751,206,2
752,206,3
753,179,2
754,179,3
755,187,1
756,187,2
757,187,3
758,200,2
759,205,1
760,205,2
761,205,3
762,183,1
763,199,3
764,186,1
765,186,2
766,186,3
767,189,1
768,189,2
769,189,3
770,196,2
771,196,3
772,194,2
773,194,3
774,195,2
775,195,3
776,190,2
777,190,3
778,208,2
779,185,1
780,185,2
781,185,3
782,191,1
783,191,2
784,191,3
785,192,2
786,192,3
787,202,2
788,202,3
789,204,2
790,204,3
791,182,2
792,182,3
793,180,1
794,180,2
795,180,3
796,193,2
797,193,3
798,181,1
799,181,2
800,181,3
801,226,1
802,226,2
803,231,2
804,212,3
805,211,3
806,242,2
807,242,3
808,225,2
809,225,3
810,213,2
811,213,3
812,217,2
813,217,3
814,216,2
815,216,3
816,219,2
817,219,3
818,220,2
819,220,3
820,232,2
821,232,3
822,235,2
823,235,3
824,221,2
825,221,3
826,246,1
827,246,2
828,246,3
829,245,1
830,245,2
831,245,3
832,228,1
833,228,2
834,228,3
835,224,2
836,224,3
837,239,2
838,239,3
839,233,2
840,233,3
841,234,2
842,234,3
843,244,2
844,244,3
845,223,2
846,223,3
847,229,1
848,227,3
849,222,2
850,222,3
851,241,2
852,241,3
853,238,1
854,243,2
855,243,3
856,240,2
857,240,3
858,218,2
859,218,3
860,215,1
861,215,2
862,230,2
863,230,3
864,214,2
865,214,3
866,226,1
867,226,2
868,231,2
869,212,3
870,211,3
871,242,2
872,242,3
873,225,2
874,225,3
875,213,2
876,213,3
877,217,2
878,217,3
879,216,2
880,216,3
881,219,2
882,219,3
883,220,2
884,220,3
885,232,2
886,232,3
887,235,2
888,235,3
889,221,2
890,221,3
891,246,1
892,246,2
893,246,3
894,245,1
895,245,2
896,245,3
897,228,1
898,228,2
899,228,3
900,224,2
901,224,3
902,239,2
903,239,3
904,233,2
905,233,3
906,234,2
907,234,3
908,244,2
909,244,3
910,223,2
911,223,3
912,229,1
913,227,3
914,222,2
915,222,3
916,241,2
917,241,3
918,238,1
919,243,2
920,243,3
921,240,2
922,240,3
923,218,2
924,218,3
925,215,1
926,215,2
927,230,2
928,230,3
929,214,2
930,214,3
931,272,2
932,272,3
933,258,2
934,258,3
935,257,2
936,257,3
937,256,2
938,256,3
939,255,2
940,255,3
941,253,2
942,253,3
943,252,2
944,252,3
945,266,2
946,266,3
947,270,2
948,270,3
949,264,3
950,265,2
951,265,3
952,276,2
953,276,3
954,279,2
955,279,3
956,278,2
957,278,3
958,250,2
959,250,3
960,251,2
961,251,3
962,259,1
963,259,2
964,259,3
965,269,1
966,269,2
967,269,3
968,268,1
969,268,2
970,268,3
971,267,1
972,267,2
973,267,3
974,262,1
975,262,2
976,248,2
977,248,3
978,274,2
979,274,3
980,273,2
981,273,3
982,271,2
983,271,3
984,261,2
985,261,3
986,254,2
987,254,3
988,275,3
989,249,3
990,247,2
991,247,3
992,277,2
993,277,3
994,260,3
995,263,2
996,263,3
997,272,2
998,272,3
999,258,2
1000,258,3
1001,257,2
1002,257,3
1003,256,2
1004,256,3
1005,255,2
1006,255,3
1007,253,2
1008,253,3
1009,252,2
1010,252,3
1011,266,2
1012,266,3
1013,270,2
1014,270,3
1015,264,3
1016,265,2
1017,265,3
1018,276,2
1019,276,3
1020,279,2
1021,279,3
1022,278,2
1023,278,3
1024,250,2
1025,250,3
1026,251,2
1027,251,3
1028,259,1
1029,259,2
1030,259,3
1031,269,1
1032,269,2
1033,269,3
1034,268,1
1035,268,2
1036,268,3
1037,267,1
1038,267,2
1039,267,3
1040,262,1
1041,262,2
1042,248,2
1043,248,3
1044,274,2
1045,274,3
1046,273,2
1047,273,3
1048,271,2
1049,271,3
1050,261,2
1051,261,3
1052,254,2
1053,254,3
1054,275,3
1055,249,3
1056,247,2
1057,247,3
1058,277,2
1059,277,3
1060,260,3
1061,263,2
1062,263,3
1063,293,2
1064,293,3
1065,280,2
1066,280,3
1067,281,2
1068,281,3
1069,296,2
1070,296,3
1071,296,4
1072,288,2
1073,288,3
1074,298,3
1075,302,2
1076,302,3
1077,299,2
1078,299,3
1079,311,2
1080,311,3
1081,287,1
1082,287,2
1083,287,3
1084,305,2
1085,305,3
1086,303,2
1087,303,3
1088,292,2
1089,292,3
1090,285,3
1091,291,2
1092,291,3
1093,306,3
1094,283,2
1095,283,3
1096,284,2
1097,284,3
1098,289,2
1099,289,3
1100,286,3
1101,282,2
1102,282,3
1103,308,2
1104,308,3
1105,300,1
1106,300,2
1107,300,3
1108,297,2
1109,297,3
1110,290,2
1111,290,3
1112,313,2
1113,313,3
1114,301,2
1115,301,3
1116,295,3
1117,307,2
1118,307,3
1119,310,2
1120,310,3
1121,312,1
1122,312,2
1123,312,3
1124,294,2
1125,294,3
1126,309,3
1127,304,1
1128,293,2
1129,293,3
1130,280,2
1131,280,3
1132,281,2
1133,281,3
1134,296,2
1135,296,3
1136,296,4
1137,288,2
1138,288,3
1139,298,3
1140,302,2
1141,302,3
1142,299,2
1143,299,3
1144,311,2
1145,311,3
1146,287,1
1147,287,2
1148,287,3
1149,305,2
1150,305,3
1151,303,2
1152,303,3
1153,292,2
1154,292,3
1155,285,3
1156,291,2
1157,291,3
1158,306,3
1159,283,2
1160,283,3
1161,284,2
1162,284,3
1163,289,2
1164,289,3
1165,286,3
1166,282,2
1167,282,3
1168,308,2
1169,308,3
1170,300,1
1171,300,2
1172,300,3
1173,297,2
1174,297,3
1175,290,2
1176,290,3
1177,313,2
1178,313,3
1179,301,2
1180,301,3
1181,295,3
1182,307,2
1183,307,3
1184,310,2
1185,310,3
1186,312,1
1187,312,2
1188,312,3
1189,294,2
1190,294,3
1191,309,3
1192,304,1
1193,332,2
1194,332,3
1195,333,1
1196,333,2
1197,333,3
1198,334,2
1199,334,3
1200,320,2
1201,320,3
1202,316,1
1203,316,2
1204,328,2
1205,328,3
1206,323,2
1207,323,3
1208,321,2
1209,321,3
1210,339,2
1211,339,3
1212,337,2
1213,337,3
1214,338,2
1215,338,3
1216,318,2
1217,318,3
1218,325,1
1219,325,2
1220,325,3
1221,336,1
1222,330,3
1223,329,2
1224,329,3
1225,342,2
1226,342,3
1227,340,1
1228,340,2
1229,340,3
1230,324,3
1231,317,2
1232,317,3
1233,326,2
1234,326,3
1235,314,3
1236,315,3
1237,322,3
1238,346,1
1239,346,2
1240,346,3
1241,331,2
1242,331,3
1243,343,3
1244,345,1
1245,345,2
1246,345,3
1247,344,1
1248,344,2
1249,344,3
1250,319,3
1251,335,2
1252,335,3
1253,327,2
1254,327,3
1255,341,2
1256,341,3
1257,332,2
1258,332,3
1259,333,1
1260,333,2
1261,333,3
1262,334,2
1263,334,3
1264,320,2
1265,320,3
1266,316,1
1267,316,2
1268,328,2
1269,328,3
1270,323,2
1271,323,3
1272,321,2
1273,321,3
1274,339,2
1275,339,3
1276,337,2
1277,337,3
1278,338,2
1279,338,3
1280,318,2
1281,318,3
1282,325,1
1283,325,2
1284,325,3
1285,336,1
1286,330,3
1287,329,2
1288,329,3
1289,342,2
1290,342,3
1291,340,1
1292,340,2
1293,340,3
1294,324,3
1295,317,2
1296,317,3
1297,326,2
1298,326,3
1299,314,3
1300,315,3
1301,322,3
1302,346,1
1303,346,2
1304,346,3
1305,331,2
1306,331,3
1307,343,3
1308,345,1
1309,345,2
1310,345,3
1311,344,1
1312,344,2
1313,344,3
1314,319,3
1315,335,2
1316,335,3
1317,327,2
1318,327,3
1319,341,2
1320,341,3
1321,370,1
1322,370,2
1323,370,3
1324,372,3
1325,381,2
1326,381,3
1327,350,1
1328,360,2
1329,360,3
1330,360,4
1331,361,2
1332,361,3
1333,361,4
1334,359,3
1335,377,2
1336,377,3
1337,357,2
1338,357,3
1339,356,2
1340,356,3
1341,375,1
1342,375,2
1343,358,2
1344,358,3
1345,383,2
1346,383,3
1347,376,1
1348,376,2
1349,376,3
1350,355,3
1351,374,1
1352,374,2
1353,374,3
1354,373,2
1355,373,3
1356,371,2
1357,371,3
1358,354,3
1359,366,3
1360,378,2
1361,378,3
1362,352,1
1363,351,3
1364,382,2
1365,382,3
1366,353,3
1367,362,2
1368,362,3
1369,380,2
1370,380,3
1371,368,2
1372,368,3
1373,364,3
1374,365,2
1375,365,3
1376,363,2
1377,367,2
1378,367,3
1379,369,2
1380,369,3
1381,370,1
1382,370,2
1383,370,3
1384,372,3
1385,381,2
1386,381,3
1387,350,1
1388,360,2
1389,360,3
1390,360,4
1391,361,2
1392,361,3
1393,361,4
1394,359,3
1395,377,2
1396,377,3
1397,357,2
1398,357,3
1399,356,2
1400,356,3
1401,375,1
1402,375,2
1403,358,2
1404,358,3
1405,383,2
1406,383,3
1407,376,1
1408,376,2
1409,376,3
1410,355,3
1411,374,1
1412,374,2
1413,374,3
1414,373,2
1415,373,3
1416,371,2
1417,371,3
1418,354,3
1419,366,3
1420,378,2
1421,378,3
1422,352,1
1423,351,3
1424,382,2
1425,382,3
1426,353,3
1427,362,2
1428,362,3
1429,380,2
1430,380,3
1431,368,2
1432,368,3
1433,364,3
1434,365,2
1435,365,3
1436,363,2
1437,367,2
1438,367,3
1439,369,2
1440,369,3
1441,403,2
1442,403,3
1443,405,2
1444,405,3
1445,388,3
1446,389,3
1447,392,3
1448,384,3
1449,386,3
1450,387,3
1451,391,3
1452,390,3
1453,385,3
1454,394,2
1455,394,3
1456,413,1
1457,413,2
1458,412,1
1459,412,2
1460,412,3
1461,399,2
1462,399,3
1463,398,2
1464,398,3
1465,410,3
1466,409,2
1467,409,3
1468,419,1
1469,419,2
1470,419,3
1471,417,2
1472,417,3
1473,406,2
1474,406,3
1475,402,2
1476,402,3
1477,400,2
1478,400,3
1479,411,2
1480,411,3
1481,401,2
1482,401,3
1483,414,2
1484,414,3
1485,415,2
1486,415,3
1487,408,1
1488,404,2
1489,404,3
1490,407,1
1491,407,2
1492,395,1
1493,416,2
1494,416,3
1495,393,2
1496,393,3
1497,418,1
1498,418,2
1499,418,3
1500,403,2
1501,403,3
1502,405,2
1503,405,3
1504,388,3
1505,389,3
1506,392,3
1507,384,3
1508,386,3
1509,387,3
1510,391,3
1511,390,3
1512,385,3
1513,394,2
1514,394,3
1515,413,1
1516,413,2
1517,412,1
1518,412,2
1519,412,3
1520,399,2
1521,399,3
1522,398,2
1523,398,3
1524,410,3
1525,409,2
1526,409,3
1527,419,1
1528,419,2
1529,419,3
1530,417,2
1531,417,3
1532,406,2
1533,406,3
1534,402,2
1535,402,3
1536,400,2
1537,400,3
1538,411,2
1539,411,3
1540,401,2
1541,401,3
1542,414,2
1543,414,3
1544,415,2
1545,415,3
1546,408,1
1547,404,2
1548,404,3
1549,407,1
1550,407,2
1551,395,1
1552,416,2
1553,416,3
1554,393,2
1555,393,3
1556,418,1
1557,418,2
1558,418,3
1559,432,2
1560,432,3
1561,431,2
1562,431,3
1563,430,1
1564,430,2
1565,430,3
1566,452,1
1567,452,2
1568,452,3
1569,435,2
1570,435,3
1571,440,2
1572,440,3
1573,451,1
1574,451,2
1575,451,3
1576,423,2
1577,423,3
1578,433,1
1579,433,2
1580,433,3
1581,445,2
1582,445,3
1583,443,2
1584,443,3
1585,429,2
1586,429,3
1587,442,3
1588,446,2
1589,446,3
1590,444,2
1591,444,3
1592,453,1
1593,453,2
1594,455,3
1595,454,3
1596,436,2
1597,436,3
1598,420,1
1599,439,1
1600,439,2
1601,439,3
1602,421,2
1603,421,3
1604,456,2
1605,449,2
1606,449,3
1607,450,2
1608,450,3
1609,427,1
1610,427,2
1611,427,3
1612,441,2
1613,441,3
1614,447,2
1615,447,3
1616,437,2
1617,437,3
1618,434,1
1619,434,2
1620,434,3
1621,424,2
1622,424,3
1623,448,2
1624,448,3
1625,426,2
1626,426,3
1627,432,2
1628,432,3
1629,431,2
1630,431,3
1631,430,1
1632,430,2
1633,430,3
1634,452,1
1635,452,2
1636,452,3
1637,435,2
1638,435,3
1639,440,2
1640,440,3
1641,451,1
1642,451,2
1643,451,3
1644,423,2
1645,423,3
1646,433,1
1647,433,2
1648,433,3
1649,445,2
1650,445,3
1651,443,2
1652,443,3
1653,429,2
1654,429,3
1655,442,3
1656,446,2
1657,446,3
1658,444,2
1659,444,3
1660,453,1
1661,453,2
1662,455,3
1663,454,3
1664,436,2
1665,436,3
1666,420,1
1667,439,1
1668,439,2
1669,439,3
1670,421,2
1671,421,3
1672,456,2
1673,449,2
1674,449,3
1675,450,2
1676,450,3
1677,427,1
1678,427,2
1679,427,3
1680,441,2
1681,441,3
1682,447,2
1683,447,3
1684,437,2
1685,437,3
1686,434,1
1687,434,2
1688,434,3
1689,424,2
1690,424,3
1691,448,2
1692,448,3
1693,426,2
1694,426,3
1695,484,1
1696,484,2
1697,484,3
1698,483,2
1699,483,3
1700,482,1
1701,480,1
1702,480,2
1703,479,1
1704,479,2
1705,479,3
1706,474,2
1707,474,3
1708,488,1
1709,488,2
1710,488,3
1711,481,2
1712,481,3
1713,458,3
1714,463,3
1715,462,3
1716,465,3
1717,466,2
1718,466,3
1719,468,2
1720,468,3
1721,469,2
1722,469,3
1723,467,2
1724,467,3
1725,470,2
1726,470,3
1727,472,2
1728,472,3
1729,489,1
1730,489,2
1731,489,3
1732,486,2
1733,486,3
1734,487,2
1735,487,3
1736,485,2
1737,485,3
1738,471,1
1739,471,2
1740,471,3
1741,464,3
1742,457,3
1743,459,3
1744,461,3
1745,460,3
1746,473,2
1747,473,3
1748,478,1
1749,478,2
1750,478,3
1751,475,2
1752,475,3
1753,490,2
1754,490,3
1755,477,1
1756,477,2
1757,477,3
1758,476,3
1759,484,1
1760,484,2
1761,484,3
1762,483,2
1763,483,3
1764,482,1
1765,480,1
1766,480,2
1767,479,1
1768,479,2
1769,479,3
1770,474,2
1771,474,3
1772,488,1
1773,488,2
1774,488,3
1775,481,2
1776,481,3
1777,458,3
1778,463,3
1779,462,3
1780,465,3
1781,466,2
1782,466,3
1783,468,2
1784,468,3
1785,469,2
1786,469,3
1787,467,2
1788,467,3
1789,470,2
1790,470,3
1791,472,2
1792,472,3
1793,489,1
1794,489,2
1795,489,3
1796,486,2
1797,486,3
1798,487,2
1799,487,3
1800,485,2
1801,485,3
1802,471,1
1803,471,2
1804,471,3
1805,464,3
1806,457,3
1807,459,3
1808,461,3
1809,460,3
1810,473,2
1811,473,3
1812,478,1
1813,478,2
1814,478,3
1815,475,2
1816,475,3
1817,490,2
1818,490,3
1819,477,1
1820,477,2
1821,477,3
1822,476,3
1823,514,1
1824,514,2
1825,514,3
1826,493,3
1827,502,2
1828,502,3
1829,507,1
1830,507,2
1831,507,3
1832,492,1
1833,506,1
1834,506,2
1835,506,3
1836,511,2
1837,511,3
1838,518,2
1839,518,3
1840,522,2
1841,522,3
1842,520,2
1843,520,3
1844,521,2
1845,521,3
1846,496,2
1847,516,2
1848,516,3
1849,500,2
1850,500,3
1851,504,1
1852,504,2
1853,523,2
1854,523,3
1855,512,2
1856,512,3
1857,508,2
1858,508,3
1859,505,2
1860,505,3
1861,498,1
1862,498,2
1863,498,3
1864,499,1
1865,499,2
1866,499,3
1867,497,1
1868,497,2
1869,497,3
1870,515,2
1871,515,3
1872,519,2
1873,519,3
1874,491,3
1875,517,2
1876,517,3
1877,510,2
1878,510,3
1879,503,2
1880,503,3
1881,494,2
1882,494,3
1883,495,2
1884,495,3
1885,513,2
1886,513,3
1887,501,1
1888,501,2
1889,509,2
1890,509,3
1891,514,1
1892,514,2
1893,514,3
1894,493,3
1895,502,2
1896,502,3
1897,507,1
1898,507,2
1899,507,3
1900,492,1
1901,506,1
1902,506,2
1903,506,3
1904,511,2
1905,511,3
1906,518,2
1907,518,3
1908,522,2
1909,522,3
1910,520,2
1911,520,3
1912,521,2
1913,521,3
1914,496,2
1915,516,2
1916,516,3
1917,500,2
1918,500,3
1919,504,1
1920,504,2
1921,523,2
1922,523,3
1923,512,2
1924,512,3
1925,508,2
1926,508,3
1927,505,2
1928,505,3
1929,498,1
1930,498,2
1931,498,3
1932,499,1
1933,499,2
1934,499,3
1935,497,1
1936,497,2
1937,497,3
1938,515,2
1939,515,3
1940,519,2
1941,519,3
1942,491,3
1943,517,2
1944,517,3
1945,510,2
1946,510,3
1947,503,2
1948,503,3
1949,494,2
1950,494,3
1951,495,2
1952,495,3
1953,513,2
1954,513,3
1955,501,1
1956,501,2
1957,509,2
1958,509,3
1959,527,2
1960,527,3
1961,549,2
1962,549,3
1963,547,1
1964,547,2
1965,547,3
1966,546,2
1967,546,3
1968,550,3
1969,553,2
1970,553,3
1971,525,2
1972,525,3
1973,526,2
1974,526,3
1975,558,2
1976,557,1
1977,557,2
1978,557,3
1979,556,1
1980,556,2
1981,556,3
1982,555,2
1983,555,3
1984,554,2
1985,554,3
1986,552,1
1987,529,1
1988,529,2
1989,529,3
1990,530,1
1991,530,2
1992,530,3
1993,545,2
1994,545,3
1995,544,2
1996,544,3
1997,543,2
1998,543,3
1999,537,2
2000,537,3
2001,536,2
2002,536,3
2003,535,2
2004,535,3
2005,538,2
2006,538,3
2007,533,2
2008,533,3
2009,532,2
2010,532,3
2011,540,2
2012,540,3
2013,534,2
2014,534,3
2015,541,2
2016,541,3
2017,539,2
2018,539,3
2019,542,2
2020,542,3
2021,531,2
2022,531,3
2023,524,2
2024,524,3
2025,528,2
2026,528,3
2027,548,2
2028,548,3
2029,527,2
2030,527,3
2031,549,2
2032,549,3
2033,547,1
2034,547,2
2035,547,3
2036,546,2
2037,546,3
2038,550,3
2039,553,2
2040,553,3
2041,525,2
2042,525,3
2043,526,2
2044,526,3
2045,558,2
2046,557,1
2047,557,2
2048,557,3
2049,556,1
2050,556,2
2051,556,3
2052,555,2
2053,555,3
2054,554,2
2055,554,3
2056,552,1
2057,529,1
2058,529,2
2059,529,3
2060,530,1
2061,530,2
2062,530,3
2063,545,2
2064,545,3
2065,544,2
2066,544,3
2067,543,2
2068,543,3
2069,537,2
2070,537,3
2071,536,2
2072,536,3
2073,535,2
2074,535,3
2075,538,2
2076,538,3
2077,533,2
2078,533,3
2079,532,2
2080,532,3
2081,540,2
2082,540,3
2083,534,2
2084,534,3
2085,541,2
2086,541,3
2087,539,2
2088,539,3
2089,542,2
2090,542,3
2091,531,2
2092,531,3
2093,524,2
2094,524,3
2095,528,2
2096,528,3
2097,548,2
2098,548,3
2099,575,3
2100,590,1
2101,590,2
2102,590,3
2103,581,2
2104,581,3
2105,560,1
2106,560,2
2107,560,3
2108,586,2
2109,586,3
2110,577,2
2111,577,3
2112,585,2
2113,585,3
2114,584,2
2115,584,3
2116,583,2
2117,583,3
2118,567,2
2119,576,2
2120,576,3
2121,580,1
2122,580,2
2123,568,2
2124,568,3
2125,559,2
2126,559,3
2127,579,2
2128,579,3
2129,591,3
2130,566,2
2131,566,3
2132,565,1
2133,564,2
2134,558,3
2135,569,1
2136,571,1
2137,570,1
2138,572,1
2139,573,1
2140,582,2
2141,582,3
2142,561,2
2143,561,3
2144,574,1
2145,574,2
2146,574,3
2147,589,2
2148,589,3
2149,588,1
2150,588,2
2151,588,3
2152,587,1
2153,587,2
2154,587,3
2155,563,1
2156,563,2
2157,563,3
2158,562,1
2159,562,2
2160,562,3
2161,578,2
2162,578,3
2163,575,3
2164,590,1
2165,590,2
2166,590,3
2167,581,2
2168,581,3
2169,560,1
2170,560,2
2171,560,3
2172,586,2
2173,586,3
2174,577,2
2175,577,3
2176,585,2
2177,585,3
2178,584,2
2179,584,3
2180,583,2
2181,583,3
2182,567,2
2183,576,2
2184,576,3
2185,580,1
2186,580,2
2187,568,2
2188,568,3
2189,559,2
2190,559,3
2191,579,2
2192,579,3
2193,591,3
2194,566,2
2195,566,3
2196,565,1
2197,564,2
2198,558,3
2199,569,1
2200,571,1
2201,570,1
2202,572,1
2203,573,1
2204,582,2
2205,582,3
2206,561,2
2207,561,3
2208,574,1
2209,574,2
2210,574,3
2211,589,2
2212,589,3
2213,588,1
2214,588,2
2215,588,3
2216,587,1
2217,587,2
2218,587,3
2219,563,1
2220,563,2
2221,563,3
2222,562,1
2223,562,2
2224,562,3
2225,578,2
2226,578,3
2227,620,3
2228,600,2
2229,613,2
2230,613,3
2231,612,2
2232,612,3
2233,607,3
2234,615,2
2235,615,3
2236,617,2
2237,617,3
2238,616,2
2239,616,3
2240,618,2
2241,618,3
2242,622,2
2243,622,3
2244,626,2
2245,626,3
2246,625,2
2247,625,3
2248,604,2
2249,604,3
2250,599,1
2251,599,2
2252,593,3
2253,592,2
2254,592,3
2255,606,1
2256,619,3
2257,609,2
2258,609,3
2259,602,2
2260,602,3
2261,595,2
2262,595,3
2263,596,2
2264,596,3
2265,601,2
2266,601,3
2267,608,2
2268,608,3
2269,605,2
2270,605,3
2271,623,1
2272,623,2
2273,623,3
2274,624,1
2275,621,1
2276,597,2
2277,597,3
2278,614,2
2279,614,3
2280,598,2
2281,598,3
2282,610,1
2283,610,2
2284,603,2
2285,603,3
2286,620,3
2287,600,2
2288,613,2
2289,613,3
2290,612,2
2291,612,3
2292,607,3
2293,615,2
2294,615,3
2295,617,2
2296,617,3
2297,616,2
2298,616,3
2299,618,2
2300,618,3
2301,622,2
2302,622,3
2303,626,2
2304,626,3
2305,625,2
2306,625,3
2307,604,2
2308,604,3
2309,599,1
2310,599,2
2311,593,3
2312,592,2
2313,592,3
2314,606,1
2315,619,3
2316,609,2
2317,609,3
2318,602,2
2319,602,3
2320,595,2
2321,595,3
2322,596,2
2323,596,3
2324,601,2
2325,601,3
2326,608,2
2327,608,3
2328,605,2
2329,605,3
2330,623,1
2331,623,2
2332,623,3
2333,624,1
2334,621,1
2335,597,2
2336,597,3
2337,614,2
2338,614,3
2339,598,2
2340,598,3
2341,610,1
2342,610,2
2343,603,2
2344,603,3
2345,629,1
2346,629,2
2347,629,3
2348,640,2
2349,640,3
2350,627,2
2351,627,3
2352,669,3
2353,667,3
2354,653,2
2355,653,3
2356,664,1
2357,664,2
2358,664,3
2359,643,2
2360,645,1
2361,645,2
2362,645,3
2363,646,1
2364,646,2
2365,636,2
2366,636,3
2367,672,2
2368,672,3
2369,644,1
2370,644,2
2371,644,3
2372,675,2
2373,675,3
2374,630,2
2375,630,3
2376,631,2
2377,631,3
2378,647,2
2379,647,3
2380,635,2
2381,635,3
2382,676,2
2383,676,3
2384,663,3
2385,628,2
2386,628,3
2387,637,2
2388,637,3
2389,638,1
2390,638,2
2391,639,1
2392,668,2
2393,668,3
2394,674,2
2395,674,3
2396,641,1
2397,641,2
2398,670,2
2399,670,3
2400,642,1
2401,642,2
2402,632,2
2403,632,3
2404,633,2
2405,633,3
2406,634,2
2407,634,3
2408,673,2
2409,673,3
2410,671,2
2411,671,3
2412,629,1
2413,629,2
2414,629,3
2415,640,2
2416,640,3
2417,627,2
2418,627,3
2419,669,3
2420,667,3
2421,653,2
2422,653,3
2423,664,1
2424,664,2
2425,664,3
2426,643,2
2427,645,1
2428,645,2
2429,645,3
2430,646,1
2431,646,2
2432,636,2
2433,636,3
2434,672,2
2435,672,3
2436,644,1
2437,644,2
2438,644,3
2439,675,2
2440,675,3
2441,630,2
2442,630,3
2443,631,2
2444,631,3
2445,647,2
2446,647,3
2447,635,2
2448,635,3
2449,676,2
2450,676,3
2451,663,3
2452,628,2
2453,628,3
2454,637,2
2455,637,3
2456,638,1
2457,638,2
2458,639,1
2459,668,2
2460,668,3
2461,674,2
2462,674,3
2463,641,1
2464,641,2
2465,670,2
2466,670,3
2467,642,1
2468,642,2
2469,632,2
2470,632,3
2471,633,2
2472,633,3
2473,634,2
2474,634,3
2475,673,2
2476,673,3
2477,671,2
2478,671,3
2479,692,2
2480,692,3
2481,681,2
2482,681,3
2483,701,3
2484,700,3
2485,699,2
2486,699,3
2487,686,2
2488,686,3
2489,702,2
2490,702,3
2491,703,2
2492,703,3
2493,677,2
2494,677,3
2495,694,1
2496,694,2
2497,694,3
2498,684,3
2499,693,2
2500,693,3
2501,698,2
2502,698,3
2503,678,2
2504,678,3
2505,708,1
2506,708,2
2507,708,3
2508,708,4
2509,707,2
2510,707,3
2511,685,2
2512,685,3
2513,680,2
2514,680,3
2515,682,2
2516,682,3
2517,710,1
2518,710,2
2519,691,3
2520,690,3
2521,679,2
2522,679,3
2523,705,3
2524,709,2
2525,709,3
2526,706,2
2527,706,3
2528,688,2
2529,688,3
2530,696,2
2531,696,3
2532,687,2
2533,687,3
2534,683,2
2535,683,3
2536,695,1
2537,695,2
2538,697,2
2539,697,3
2540,689,2
2541,689,3
2542,692,2
2543,692,3
2544,681,2
2545,681,3
2546,701,3
2547,700,3
2548,699,2
2549,699,3
2550,686,2
2551,686,3
2552,702,2
2553,702,3
2554,703,2
2555,703,3
2556,677,2
2557,677,3
2558,694,1
2559,694,2
2560,694,3
2561,684,3
2562,693,2
2563,693,3
2564,698,2
2565,698,3
2566,678,2
2567,678,3
2568,708,1
2569,708,2
2570,708,3
2571,708,4
2572,707,2
2573,707,3
2574,685,2
2575,685,3
2576,680,2
2577,680,3
2578,682,2
2579,682,3
2580,710,1
2581,710,2
2582,691,3
2583,690,3
2584,679,2
2585,679,3
2586,705,3
2587,709,2
2588,709,3
2589,706,2
2590,706,3
2591,688,2
2592,688,3
2593,696,2
2594,696,3
2595,687,2
2596,687,3
2597,683,2
2598,683,3
2599,695,1
2600,695,2
2601,697,2
2602,697,3
2603,689,2
2604,689,3
2605,728,1
2606,728,2
2607,721,1
2608,721,2
2609,721,3
2610,717,2
2611,717,3
2612,716,2
2613,716,3
2614,715,1
2615,715,2
2616,742,2
2617,742,3
2618,743,1
2619,743,2
2620,729,3
2621,727,1
2622,730,1
2623,730,2
2624,730,3
2625,733,1
2626,733,2
2627,733,3
2628,739,2
2629,739,3
2630,735,2
2631,735,3
2632,741,3
2633,714,1
2634,714,2
2635,714,3
2636,726,1
2637,726,2
2638,736,1
2639,736,2
2640,736,3
2641,740,2
2642,740,3
2643,734,2
2644,734,3
2645,732,2
2646,732,3
2647,731,1
2648,737,1
2649,737,2
2650,737,3
2651,738,1
2652,738,2
2653,738,3
2654,713,2
2655,713,3
2656,712,2
2657,712,3
2658,711,1
2659,722,3
2660,723,2
2661,723,3
2662,724,2
2663,724,3
2664,725,2
2665,725,3
2666,718,1
2667,718,2
2668,719,1
2669,719,2
2670,719,3
2671,720,2
2672,720,3
2673,728,1
2674,728,2
2675,721,1
2676,721,2
2677,721,3
2678,717,2
2679,717,3
2680,716,2
2681,716,3
2682,715,1
2683,715,2
2684,742,2
2685,742,3
2686,743,1
2687,743,2
2688,729,3
2689,727,1
2690,730,1
2691,730,2
2692,730,3
2693,733,1
2694,733,2
2695,733,3
2696,739,2
2697,739,3
2698,735,2
2699,735,3
2700,741,3
2701,714,1
2702,714,2
2703,714,3
2704,726,1
2705,726,2
2706,736,1
2707,736,2
2708,736,3
2709,740,2
2710,740,3
2711,734,2
2712,734,3
2713,732,2
2714,732,3
2715,731,1
2716,737,1
2717,737,2
2718,737,3
2719,738,1
2720,738,2
2721,738,3
2722,713,2
2723,713,3
2724,712,2
2725,712,3
2726,711,1
2727,722,3
2728,723,2
2729,723,3
2730,724,2
2731,724,3
2732,725,2
2733,725,3
2734,718,1
2735,718,2
2736,719,1
2737,719,2
2738,719,3
2739,720,2
2740,720,3
2741,749,3
2742,747,3
2743,757,2
2744,757,3
2745,758,2
2746,758,3
2747,769,2
2748,769,3
2749,768,1
2750,768,2
2751,767,1
2752,767,2
2753,767,3
2754,767,4
2755,766,1
2756,766,2
2757,766,3
2758,766,4
2759,765,3
2760,755,3
2761,772,2
2762,772,3
2763,772,4
2764,750,2
2765,750,3
2766,773,3
2767,776,1
2768,776,2
2769,774,2
2770,774,3
2771,761,3
2772,762,2
2773,762,3
2774,778,3
2775,754,1
2776,754,2
2777,754,3
2778,744,3
2779,745,3
2780,746,2
2781,746,3
2782,775,1
2783,775,2
2784,775,3
2785,780,1
2786,780,2
2787,780,3
2788,780,4
2789,779,1
2790,779,2
2791,779,3
2792,779,4
2793,764,2
2794,764,3
2795,771,1
2796,771,2
2797,771,3
2798,751,2
2799,751,3
2800,751,4
2801,752,3
2802,777,3
2803,753,3
2804,753,4
2805,749,3
2806,747,3
2807,757,2
2808,757,3
2809,758,2
2810,758,3
2811,769,2
2812,769,3
2813,768,1
2814,768,2
2815,767,1
2816,767,2
2817,767,3
2818,767,4
2819,766,1
2820,766,2
2821,766,3
2822,766,4
2823,765,3
2824,755,3
2825,772,2
2826,772,3
2827,772,4
2828,750,2
2829,750,3
2830,773,3
2831,776,1
2832,776,2
2833,774,2
2834,774,3
2835,761,3
2836,762,2
2837,762,3
2838,778,3
2839,754,1
2840,754,2
2841,754,3
2842,744,3
2843,745,3
2844,746,2
2845,746,3
2846,775,1
2847,775,2
2848,775,3
2849,780,1
2850,780,2
2851,780,3
2852,780,4
2853,779,1
2854,779,2
2855,779,3
2856,779,4
2857,764,2
2858,764,3
2859,771,1
2860,771,2
2861,771,3
2862,751,2
2863,751,3
2864,751,4
2865,752,3
2866,777,3
2867,753,3
2868,753,4
2869,794,3
2870,806,1
2871,806,2
2872,806,3
2873,807,1
2874,807,2
2875,807,3
2876,810,2
2877,810,3
2878,809,2
2879,809,3
2880,811,1
2881,811,2
2882,811,3
2883,781,2
2884,781,3
2885,790,1
2886,790,2
2887,790,3
2888,798,1
2889,798,2
2890,798,3
2891,798,4
2892,791,1
2893,791,2
2894,791,3
2895,796,3
2896,796,4
2897,788,1
2898,788,2
2899,788,3
2900,788,4
2901,787,1
2902,787,2
2903,787,3
2904,787,4
2905,792,1
2906,792,2
2907,792,3
2908,804,1
2909,804,2
2910,800,1
2911,800,2
2912,789,1
2913,789,2
2914,789,3
2915,789,4
2916,785,3
2917,782,2
2918,782,3
2919,808,1
2920,808,2
2921,808,3
2922,797,3
2923,813,1
2924,813,2
2925,813,3
2926,786,3
2927,803,1
2928,803,2
2929,803,3
2930,802,1
2931,802,2
2932,802,3
2933,805,1
2934,805,2
2935,805,3
2936,799,1
2937,799,2
2938,814,2
2939,814,3
2940,794,3
2941,806,1
2942,806,2
2943,806,3
2944,807,1
2945,807,2
2946,807,3
2947,810,2
2948,810,3
2949,809,2
2950,809,3
2951,811,1
2952,811,2
2953,811,3
2954,781,2
2955,781,3
2956,790,1
2957,790,2
2958,790,3
2959,798,1
2960,798,2
2961,798,3
2962,798,4
2963,791,1
2964,791,2
2965,791,3
2966,796,3
2967,796,4
2968,788,1
2969,788,2
2970,788,3
2971,788,4
2972,787,1
2973,787,2
2974,787,3
2975,787,4
2976,792,1
2977,792,2
2978,792,3
2979,804,1
2980,804,2
2981,800,1
2982,800,2
2983,789,1
2984,789,2
2985,789,3
2986,789,4
2987,785,3
2988,782,2
2989,782,3
2990,808,1
2991,808,2
2992,808,3
2993,797,3
2994,813,1
2995,813,2
2996,813,3
2997,786,3
2998,803,1
2999,803,2
3000,803,3
3001,802,1
3002,802,2
3003,802,3
3004,805,1
3005,805,2
3006,805,3
3007,799,1
3008,799,2
3009,814,2
3010,814,3
3011,830,2
3012,830,3
3013,816,3
3014,840,2
3015,840,3
3016,838,2
3017,838,3
3018,842,3
3019,839,2
3020,839,3
3021,844,1
3022,844,2
3023,844,3
3024,844,4
3025,848,1
3026,848,2
3027,848,3
3028,847,1
3029,847,2
3030,847,3
3031,847,4
3032,828,2
3033,828,3
3034,828,4
3035,845,3
3036,821,3
3037,846,3
3038,846,4
3039,818,1
3040,818,2
3041,818,3
3042,822,3
3043,823,3
3044,825,3
3045,824,3
3046,827,2
3047,827,3
3048,817,1
3049,817,2
3050,817,3
3051,819,1
3052,819,2
3053,819,3
3054,826,1
3055,826,2
3056,826,3
3057,841,3
3058,843,1
3059,843,2
3060,829,1
3061,829,2
3062,829,3
3063,836,1
3064,836,2
3065,836,3
3066,835,1
3067,835,2
3068,835,3
3069,834,1
3070,834,2
3071,834,3
3072,833,1
3073,833,2
3074,833,3
3075,832,1
3076,832,2
3077,832,3
3078,831,1
3079,831,2
3080,831,3
3081,830,2
3082,830,3
3083,816,3
3084,840,2
3085,840,3
3086,838,2
3087,838,3
3088,842,3
3089,839,2
3090,839,3
3091,844,1
3092,844,2
3093,844,3
3094,844,4
3095,848,1
3096,848,2
3097,848,3
3098,847,1
3099,847,2
3100,847,3
3101,847,4
3102,828,2
3103,828,3
3104,828,4
3105,845,3
3106,821,3
3107,846,3
3108,846,4
3109,818,1
3110,818,2
3111,818,3
3112,822,3
3113,823,3
3114,825,3
3115,824,3
3116,827,2
3117,827,3
3118,817,1
3119,817,2
3120,817,3
3121,819,1
3122,819,2
3123,819,3
3124,826,1
3125,826,2
3126,826,3
3127,841,3
3128,843,1
3129,843,2
3130,829,1
3131,829,2
3132,829,3
3133,836,1
3134,836,2
3135,836,3
3136,835,1
3137,835,2
3138,835,3
3139,834,1
3140,834,2
3141,834,3
3142,833,1
3143,833,2
3144,833,3
3145,832,1
3146,832,2
3147,832,3
3148,831,1
3149,831,2
3150,831,3
3151,849,1
3152,849,2
3153,849,3
3154,849,4
3155,852,2
3156,848,4
3157,850,2
3158,853,1
3159,853,2
3160,853,3
3161,853,4
3162,854,2
3163,854,3
3164,854,4
3165,855,2
3166,855,3
3167,855,4
3168,856,1
3169,856,2
3170,856,3
3171,856,4
3172,859,1
3173,859,2
3174,859,3
3175,861,2
3176,861,3
3177,863,1
3178,863,2
3179,863,3
3180,863,4
3181,864,3
3182,866,1
3183,866,2
3184,866,3
3185,867,1
3186,867,2
3187,867,3
3188,868,2
3189,868,3
3190,869,2
3191,869,3
3192,870,1
3193,870,2
3194,871,2
3195,871,3
3196,873,3
3197,874,3
3198,875,2
3199,875,3
3200,876,3
3201,877,3
3202,879,1
3203,879,2
3204,857,3
3205,858,2
3206,858,3
3207,880,3
3208,881,1
3209,881,2
3210,865,3
3211,878,3
3212,878,4
3213,849,1
3214,849,2
3215,849,3
3216,849,4
3217,852,2
3218,848,4
3219,850,2
3220,853,1
3221,853,2
3222,853,3
3223,853,4
3224,854,2
3225,854,3
3226,854,4
3227,855,2
3228,855,3
3229,855,4
3230,856,1
3231,856,2
3232,856,3
3233,856,4
3234,859,1
3235,859,2
3236,859,3
3237,861,2
3238,861,3
3239,863,1
3240,863,2
3241,863,3
3242,863,4
3243,864,3
3244,866,1
3245,866,2
3246,866,3
3247,867,1
3248,867,2
3249,867,3
3250,868,2
3251,868,3
3252,869,2
3253,869,3
3254,870,1
3255,870,2
3256,871,2
3257,871,3
3258,873,3
3259,874,3
3260,875,2
3261,875,3
3262,876,3
3263,877,3
3264,879,1
3265,879,2
3266,857,3
3267,858,2
3268,858,3
3269,880,3
3270,881,1
3271,881,2
3272,865,3
3273,878,3
3274,878,4
3275,882,2
3276,882,3
3277,885,2
3278,885,3
3279,886,2
3280,886,3
3281,886,4
3282,887,1
3283,887,2
3284,888,1
3285,888,2
3286,888,3
3287,888,4
3288,889,1
3289,889,2
3290,890,1
3291,890,2
3292,890,3
3293,890,4
3294,892,2
3295,892,3
3296,893,2
3297,893,3
3298,895,2
3299,895,3
3300,896,2
3301,896,3
3302,897,2
3303,897,3
3304,898,1
3305,898,2
3306,898,3
3307,899,2
3308,899,3
3309,900,2
3310,900,3
3311,901,2
3312,901,3
3313,901,4
3314,894,1
3315,894,2
3316,902,3
3317,903,3
3318,903,4
3319,904,1
3320,904,2
3321,891,2
3322,891,3
3323,905,1
3324,905,2
3325,905,3
3326,905,4
3327,906,3
3328,907,1
3329,907,2
3330,907,3
3331,907,4
3332,1024,1
3333,1024,2
3334,1024,3
3335,1025,2
3336,1025,3
3337,1025,4
3338,882,2
3339,882,3
3340,885,2
3341,885,3
3342,886,2
3343,886,3
3344,886,4
3345,887,1
3346,887,2
3347,888,1
3348,888,2
3349,888,3
3350,888,4
3351,889,1
3352,889,2
3353,890,1
3354,890,2
3355,890,3
3356,890,4
3357,892,2
3358,892,3
3359,893,2
3360,893,3
3361,895,2
3362,895,3
3363,896,2
3364,896,3
3365,897,2
3366,897,3
3367,898,1
3368,898,2
3369,898,3
3370,899,2
3371,899,3
3372,900,2
3373,900,3
3374,901,2
3375,901,3
3376,901,4
3377,894,1
3378,894,2
3379,902,3
3380,903,3
3381,903,4
3382,904,1
3383,904,2
3384,891,2
3385,891,3
3386,905,1
3387,905,2
3388,905,3
3389,905,4
3390,906,3
3391,907,1
3392,907,2
3393,907,3
3394,907,4
3395,1024,1
3396,1024,2
3397,1024,3
3398,1025,2
3399,1025,3
3400,1025,4
